,nginx/nginx,apache/httpd,h2o/h2o
2014-10-04,0.31580562208202606,5.45813723333524,-1.735458641872599
2014-10-05,0.30707081974166134,7.431024411825176,-1.3706574836341465
2014-10-06,0.2965654101062588,6.49451590813009,-1.0938792081492013
2014-10-07,0.29977597084973673,4.9406100993208,-0.5849891713717237
2014-10-08,0.3131447001927231,3.2797963976782687,11.736779163516172
2014-10-09,1.2430474335897252,3.0954322703433523,12.116249945584656
2014-10-10,0.27332019101072563,4.073682206629505,1.5330059160297227
2014-10-11,2.266897638725717,2.8751977394618438,0.03191280257241677
2014-10-12,0.25981494405090355,0.7466210751045198,2.4022131254298036
2014-10-13,0.2550992145651092,-0.5496642006047816,-3.5390748608750613
2014-10-14,1.2600965560876372,2.7572507780982383,7.734531749492036
2014-10-15,1.5633908385446398,3.631798054879877,5.202148253593517
2014-10-16,0.2166671849021036,1.5069578954281222,5.843775167521524
2014-10-17,0.22508393862011003,0.8002024327592971,12.813254398150116
2014-10-18,0.21969932025373692,3.4228978559650085,6.880587285722681
2014-10-19,0.21506091505894184,0.9808773926315453,5.20842289638733
2014-10-20,0.21626274876284016,1.3922033694332572,45.10953226057664
2014-10-21,-0.7790250159948979,-0.5313550500765315,5.14496862729697
2014-10-22,0.801328096248198,8.925473051908412,3.644743553848743
2014-10-23,0.19183534381876766,3.1380967738636953,3.2699649788653957
2014-10-24,1.1752145513535863,0.5184831676659674,2.151071422346802
2014-10-25,0.168785282994507,2.0624270795249617,3.735118645376693
2014-10-26,0.16687069642272473,1.0086485753883607,4.033406281320765
2014-10-27,7.170846370957497,2.1386170477568776,4.817321304941943
2014-10-28,6.138320163983294,2.1628501312998374,4.532817238712768
2014-10-29,0.1279093599082804,1.2882719939935694,4.912314495658392
2014-10-30,1.161550385759545,5.030129169741305,14.266045160219852
2014-10-31,0.1272563461935235,3.1913967176553566,5.2236344043148915
2014-11-01,0.15394676784919212,1.923884043508177,4.681412213237607
2014-11-02,0.15814641376109687,2.316747500856378,4.68419627223476
2014-11-03,0.1649500328732992,0.21463176496746164,-7.441581186475294
2014-11-04,0.15807327377219182,-0.15630893536479287,5.536820321016609
2014-11-05,1.1593713623382405,0.8908914974838328,4.754662147444811
2014-11-06,0.17033838978008703,0.26486079674988705,10.41002640114034
2014-11-07,2.834294347875585,0.5308878597486761,16.689875406413005
2014-11-08,0.16509078246755812,0.6582459590153407,4.601288964708737
2014-11-09,0.16482413503523477,1.7109033825206705,4.541983692606139
2014-11-10,0.16839964874301921,3.2141993823183275,17.364892015553004
2014-11-11,-0.4811859005269938,4.356346019528674,11.78255284945373
2014-11-12,0.17432702842222123,5.38976646172635,0.7021239500459275
2014-11-13,0.15014158246712095,-1.1157240651160147,4.351072406188967
2014-11-14,-0.4953706411764284,4.033174736704917,26.85263431658127
2014-11-15,0.179208606793995,2.625833370368399,9.292325196362185
2014-11-16,0.1861626900503295,5.666808840934206,12.21424765751798
2014-11-17,1.1902008378570108,3.4925695376551853,4.575627211839957
2014-11-18,0.8788279129407753,2.976258637820178,4.360043270212493
2014-11-19,10.215992632381148,0.8925865248019684,4.9856750463111865
2014-11-20,2.889234794196548,2.3412628718983433,-0.390137964386701
2014-11-21,0.1790576966713432,1.4766887638769803,4.66768282628305
2014-11-22,0.24013535663536825,2.034582347387028,4.007332841303695
2014-11-23,0.25336536877308624,-0.3413866403129854,3.8944014621584278
2014-11-24,0.27601292801901434,10.61441184573918,1.3960011339962326
2014-11-25,0.23605840794230964,0.9889588332892443,5.3252104417510076
2014-11-26,0.3091680555943719,1.8210945295825196,5.255944334521241
2014-11-27,0.6953374456017044,1.4994434795392713,4.009226818762788
2014-11-28,1.6816268562200836,1.5977510093505165,2.8605120719906623
2014-11-29,0.3728013933750329,2.4444707329965043,3.3825733213141995
2014-11-30,0.3989104685346886,6.940632477469555,3.296998635475906
2014-12-01,1.4202497140609536,0.4665643209799652,2.8787656283397434
2014-12-02,5.267537537588792,3.183149490136341,-3.808348529313081
2014-12-03,0.49163886134316237,3.7589945499707236,-3.11581272664082
2014-12-04,0.5313325270024943,4.023473788250587,-3.7210369728147445
2014-12-05,-1.7530723812721296,24.175110197880137,2.197441569213668
2014-12-06,0.5743104763712933,4.570267275414609,2.368075076540769
2014-12-07,0.6020834559360695,2.7716286388583304,2.5897203598527843
2014-12-08,0.6651044562146928,4.196652216125972,2.1550977987614157
2014-12-09,3.4837776699542875,2.429275487681937,2.3523321078811215
2014-12-10,0.777447776693771,1.9577866334989573,1.6051156830147488
2014-12-11,1.9440208840793232,0.47687121732709814,1.5770665408393416
2014-12-12,0.84391795445385,0.6945986937378736,11.240634282313028
2014-12-13,0.7253415163191832,0.1423309421502423,17.391648050530787
2014-12-14,0.7315675239209406,0.006848845754393151,2.351902277019887
2014-12-15,0.7520453307546109,1.372572973386949,1.9995672273896152
2014-12-16,-1.3398665629435385,1.968021639752647,1.6886385033792306
2014-12-17,1.6048581303426894,1.4777982059859491,14.489092716507146
2014-12-18,0.18990266800551467,1.7165470536596488,3.4526996116882716
2014-12-19,-1.3462412788620726,3.3259786454788185,4.65707598905524
2014-12-20,0.6260132196740998,8.659041803475443,17.071539212386252
2014-12-21,0.5967250608282709,4.307724350557299,9.27386185397009
2014-12-22,5.541911056285147,1.134669587711378,4.697391234967446
2014-12-23,0.5623976122973042,0.4509063305613793,3.968432541413258
2014-12-24,3.442175823928566,0.6478183229468979,4.794468022396977
2014-12-25,0.46523192420336246,0.21491561719686975,31.219580653426654
2014-12-26,3.344157492274711,0.12944087576133212,5.602704199743917
2014-12-27,0.41831410278871545,0.9106848953754534,-1.4499342893063867
2014-12-28,0.3934487677073786,1.7040311750978931,4.379446691957144
2014-12-29,0.3533049561279947,2.3136920983491702,3.76969551149785
2014-12-30,-1.4927065165474396,1.6175608353954447,3.5063088843178085
2014-12-31,0.256853402052736,1.3498684998846973,3.0273140608377522
2015-01-01,0.27593774617684574,2.4601690555749243,-6.965520748478744
2015-01-02,0.18393000980851817,3.2535409282738144,2.1424030988852767
2015-01-03,0.24765662666635518,2.6920028919308114,2.399307825150967
2015-01-04,0.23355630900899044,9.62734917422464,13.44275898218218
2015-01-05,0.20229769428348912,2.552519113554104,-0.45955881144321165
2015-01-06,-1.170177175055925,2.515084702218794,2.6770316841474506
2015-01-07,0.14655503005419912,3.9846508608603157,19.43163750334137
2015-01-08,0.1884676155934872,3.9722947831577113,3.518807146477231
2015-01-09,0.17075390572852905,1.1998054972032224,10.355062160845394
2015-01-10,0.19549544249887796,2.326579115449688,-0.8661711109170221
2015-01-11,0.1939910775413499,0.7070332320147295,4.526725577977034
2015-01-12,0.19470404299304372,1.8180342798321407,6.327827711784226
2015-01-13,2.146256315714274,3.369234446975664,11.929672496385987
2015-01-14,0.8369779149342332,1.79085004460349,12.29226702113825
2015-01-15,0.2021478160891111,-1.2813611713541666,10.516844662241512
2015-01-16,0.20396749248693702,2.9179087009351212,23.59170649362858
2015-01-17,0.2086449821660055,2.048810705905387,22.588396337530792
2015-01-18,0.21349768501996044,3.221166661472881,6.5141301900593795
2015-01-19,0.21314194948084386,7.267682955656205,38.68779772789569
2015-01-20,0.20967986868270772,0.298666955967222,23.43119372955534
2015-01-21,-0.38074289306377074,3.150052506333008,4.085132746185667
2015-01-22,1.2480720299162447,4.035709516774412,0.5396297946180402
2015-01-23,2.2459353331462832,-0.34106965875543005,2.605237467981722
2015-01-24,0.25716560077101935,3.159389298536193,2.2132504385518876
2015-01-25,0.26678687575076626,0.6246053758812627,5.053067248492204
2015-01-26,0.25126041514080427,2.744557458474985,1.8385189643512243
2015-01-27,0.2617567396706122,4.652012187440353,2.267871350662986
2015-01-28,0.269133709861739,0.4450899099601001,0.9197090106472787
2015-01-29,0.3072278955554423,1.211616914235346,3.2095839648267326
2015-01-30,0.28325065673245364,6.196310102626861,0.14544181650070995
2015-01-31,0.32499820103124333,1.9990844783031891,3.6002870053566145
2015-02-01,0.3346318686651754,6.140036957259557,5.274367837064748
2015-02-02,3.3783916531875513,2.072101615267048,8.019527989355257
2015-02-03,-0.982210557516953,1.6615968883034533,11.926511748534233
2015-02-04,0.34029425148859993,4.937468941793333,7.75864002965982
2015-02-05,0.38713069564431324,4.914272442408764,12.175114712925286
2015-02-06,0.10319564562377709,5.080114361618502,-2.309315261314097
2015-02-07,0.44273477837196146,1.3779431083542675,3.78009514540152
2015-02-08,0.4627834190178363,-0.8374581864310943,8.04314655464047
2015-02-09,1.521576107114941,2.3089175217235436,7.870677046845036
2015-02-10,1.9273394024725876,2.807736393656146,12.999470034654353
2015-02-11,2.8786822494442132,1.0836596002401628,-5.440095105905955
2015-02-12,0.5553986631252694,0.27639815688554137,7.575280423997395
2015-02-13,-0.05527096826974448,-0.2283535588605088,6.55243300656809
2015-02-14,0.659951660685499,2.7322320841009295,6.279173686357626
2015-02-15,0.71180829054475,2.851739476431842,4.326504353519527
2015-02-16,0.6275336643807731,2.3799066373098823,4.0833089886631475
2015-02-17,0.6471728607358922,0.5919204471284234,18.915734616192385
2015-02-18,-1.5006060252640427,0.7859922918262591,37.32127751027032
2015-02-19,0.6886997660241353,1.267927872090251,4.655681773063886
2015-02-20,0.7155874026741389,1.8833870115837534,9.198195522257844
2015-02-21,0.8965195334028155,4.576735979064086,6.610150512822562
2015-02-22,1.0295903103226116,8.063665854134369,7.602967236121204
2015-02-23,0.8796055602876012,1.4056245961239693,7.347937665399969
2015-02-24,0.9852380971606809,3.3031083092695224,6.611181130757967
2015-02-25,1.0950525117593186,2.1872235923878733,6.862031979977635
2015-02-26,0.4771814833840739,3.2262851798750702,6.797482405461219
2015-02-27,1.59172382867702,0.8182647422579312,6.118267371008993
2015-02-28,1.4384622891180918,0.8525259569864678,5.359945887746486
2015-03-01,1.6631833187262808,2.8151380291649097,31.836254650372066
2015-03-02,4.63032237816309,2.275866796579166,5.391682590673784
2015-03-03,1.8779343351797892,0.714635041552759,5.125650007940683
2015-03-04,3.2462307807764796,4.811910401060362,3.3450360623437483
2015-03-05,0.48206644303126756,10.019244157102362,16.925142915489836
2015-03-06,-0.5220539079842681,4.028693241402658,10.039869549224852
2015-03-07,1.2850262158661492,1.4463790190618688,3.1214782669174532
2015-03-08,2.3116913406915787,0.6971136073155906,2.3891362705567336
2015-03-09,-2.875715979093335,7.7582399167949045,1.6095277479581638
2015-03-10,0.4619453712624195,3.090522059520958,1.881317151706578
2015-03-11,-0.43604469413949476,1.735804083236657,0.7511632299089148
2015-03-12,2.224772808155737,0.8694255299883644,12.875428292489966
2015-03-13,2.193760037184701,7.404424431713568,9.80682775519429
2015-03-14,7.150641116272478,3.7642545379780574,2.0363232713608563
2015-03-15,3.8696425327270454,1.1117549041323147,6.139135798128944
2015-03-16,2.080948445087551,1.3936843505049412,4.491269947186923
2015-03-17,2.047404974267587,0.14918313759740975,1.5695283216099254
2015-03-18,0.862569464467188,-0.09789947027978421,1.3645419507766516
2015-03-19,4.533070849249843,1.7964408777037513,-2.913315230692444
2015-03-20,4.48223652531899,0.8983748247458768,2.2196793981692298
2015-03-21,1.9965686674722622,-0.2845889896539117,2.13390472716509
2015-03-22,5.703186626540306,3.0844552691760416,1.6474417978677158
2015-03-23,13.130801929442924,3.4122481768166093,-3.467613272056359
2015-03-24,2.7928086968969428,4.416072998962978,9.043279975061257
2015-03-25,1.91973156813538,2.4688066526422254,4.258031503305969
2015-03-26,7.866168438745156,3.2550157796667074,2.3193435967762825
2015-03-27,1.8595221078687496,2.3453805463759236,2.042623081085039
2015-03-28,1.0636859307272777,4.247739394421115,2.1552783802115325
2015-03-29,1.2792849505306798,0.844354753576788,3.0783981857748524
2015-03-30,-4.882507923748613,0.9834201690477588,2.6313235029434283
2015-03-31,1.4496296400441366,6.20286012147634,2.3180937583172256
2015-04-01,2.96519914102388,1.1584870034129493,0.785347419867757
2015-04-02,1.2772211859264038,-0.14867872217755385,2.5377222232761563
2015-04-03,1.2241470097947147,1.015008700634994,1.2504834271224403
2015-04-04,1.0681043421771135,0.8893020778610835,1.9446764138990542
2015-04-05,1.1580806558743542,5.791729411678505,8.27617520403697
2015-04-06,1.1340592380756567,1.8497601977547673,0.872043008752327
2015-04-07,2.0571414613089773,1.6644851995621481,5.4005081174374086
2015-04-08,1.0533143391784705,-3.8698452321099435,3.559397393941259
2015-04-09,1.06962296811282,4.012821981039773,0.6749825386496942
2015-04-10,2.186973569525244,2.8101755170610536,2.428719000359107
2015-04-11,1.0315854667373294,2.6920961524999143,5.728977502921934
2015-04-12,1.0161856192737897,2.344751145614298,0.7384076930991136
2015-04-13,-3.8718567965424047,4.639081014310898,-0.11954683685867273
2015-04-14,1.59571006080043,17.24695562701782,0.6471097142626709
2015-04-15,1.0284572252057556,21.49117916200834,0.4825943907688046
2015-04-16,7.000401492066377,6.48677554997278,0.6847476471000243
2015-04-17,0.20335963550862324,7.906249228631188,0.7709277106956789
2015-04-18,0.9220301862540389,7.260492661542505,1.5743520535182034
2015-04-19,1.898946744675361,8.028295380181678,2.7337949927232166
2015-04-20,1.178267764311784,6.276843120274474,6.515787093808136
2015-04-21,1.2223086460618235,4.936708349377664,16.067809166807468
2015-04-22,3.5096677634569153,5.78624026009294,17.800515733220806
2015-04-23,2.9623569213110152,5.471020741610406,5.371209427335712
2015-04-24,1.298447110813813,3.7679566455344022,-1.1553260806125474
2015-04-25,1.8910847079517565,3.1041734829067154,1.599212108161617
2015-04-26,0.8598490490654953,4.528583385296577,1.238417676482772
2015-04-27,1.265692853480103,3.01098937471276,1.925636782385911
2015-04-28,3.291332893498084,3.458636377460277,10.62608308055387
2015-04-29,5.102096631595487,-4.170523462434878,1.1254720831642904
2015-04-30,0.9841393197869351,1.5998537735969875,8.463992151141966
2015-05-01,0.3903807704454443,21.416848321911452,6.227617951948314
2015-05-02,0.7513825553034915,5.626440731592853,5.635625569088284
2015-05-03,0.6728007065438557,3.1554596639009334,0.9136457743025349
2015-05-04,-1.6053557184846636,3.178314106785948,0.1697927580390054
2015-05-05,-0.5940143130306069,5.33532467928844,1.477556376957828
2015-05-06,0.4886226828845286,-4.096816776024868,6.006120619319338
2015-05-07,0.4352822427547553,3.339590932484021,1.323887181680534
2015-05-08,0.34530344512163763,4.174015512919093,1.3911338937442546
2015-05-09,0.47162063201142956,0.8124399302526297,1.9664912150081384
2015-05-10,0.42441842339236746,3.156996810176873,1.783880664605542
2015-05-11,0.14095235190560304,4.429234687903197,1.111368371075625
2015-05-12,-0.5580470535964775,1.0988851367635004,-0.11177863608344277
2015-05-13,-0.17779238563401217,2.5907315018134724,0.19043239400211834
2015-05-14,0.9495538951778248,2.8313783613141488,1.4933757654948434
2015-05-15,2.820753327325038,0.8298849889348513,-5.639669023720002
2015-05-16,0.5341553373985608,2.4635201201096004,2.2201331187484206
2015-05-17,0.5622820767260935,1.3051674959060016,2.241622218917805
2015-05-18,0.5219766344799703,0.9108182791736941,5.574442306785922
2015-05-19,0.5757273551580184,0.8542347220391266,4.424616307922799
2015-05-20,5.418336658461819,0.6415922727630811,3.264156417922722
2015-05-21,0.6860161114268117,2.8606145847373807,11.97853720940854
2015-05-22,-0.5497551443507079,3.2058663004978776,4.25826890120441
2015-05-23,0.7492284815606315,3.091446467028437,2.9871635141542745
2015-05-24,0.7718469023405108,3.773313107863972,2.7951104852570237
2015-05-25,0.9036704230573456,2.921456001776638,15.111079466131816
2015-05-26,1.7041227503315513,3.7919725935222903,-0.8275736411777109
2015-05-27,0.9787619244892227,2.144752317430855,-5.550570345280005
2015-05-28,-0.20696749050091928,1.4032752824772026,2.3665184674202386
2015-05-29,1.0519762375853299,1.355970126246578,-3.4126440791465678
2015-05-30,0.9097963009128018,-0.48159336889053095,3.844827845615202
2015-05-31,0.9110120036925426,-0.28331082858031753,4.1968928446441405
2015-06-01,0.2599656366806842,9.913679357012791,3.729027304404965
2015-06-02,-0.21172429067869905,4.4991502332226005,4.4447993091926286
2015-06-03,3.0117668725503357,1.2031414922987633,-8.201398529109976
2015-06-04,1.7890032834430922,1.112711570972243,5.546380172826229
2015-06-05,2.009357181870335,0.4534135098724772,4.873634606226093
2015-06-06,0.768271063754077,4.628603309562981,4.358565422065989
2015-06-07,0.7257427309919868,-0.07618519375941801,4.19174992071612
2015-06-08,3.5956459797434674,1.6980841008745047,11.154613110096268
2015-06-09,0.678381766903849,1.9117209634970767,11.736676820203767
2015-06-10,3.581989195757191,2.148961532008661,5.24135590185581
2015-06-11,3.263293883268817,2.3366628886974388,5.538747104165557
2015-06-12,-0.4267863064277915,4.725617522982228,11.492989177604823
2015-06-13,0.5131971922902294,3.9286166463139445,4.246016798246182
2015-06-14,0.4734290494862987,4.529038845009236,4.520012443482632
2015-06-15,2.2434972553841575,2.3856879068066523,4.707283559099604
2015-06-16,9.598505578596232,2.178504733491325,19.261449259816676
2015-06-17,2.1993942605715135,3.3708495962840654,12.550617804937197
2015-06-18,1.2048403598079358,1.0592563078701964,2.9341014715999996
2015-06-19,0.18819200840623102,0.8040855920533929,15.319305398332391
2015-06-20,0.33982446912390374,0.6289569730315223,4.160390766693797
2015-06-21,0.32695802333164775,8.270856078746895,4.651125880908611
2015-06-22,0.23872362166830224,2.985245492579607,2.7863053023304087
2015-06-23,1.429240908170815,1.6231761152828492,3.100156035150348
2015-06-24,0.24261363166446984,1.6488573479353557,-6.521855607253755
2015-06-25,0.24357195996004521,4.575038845676807,2.64256915308827
2015-06-26,0.25305070413474373,3.0959298948738994,2.733369583747484
2015-06-27,0.2997296059729391,0.893736916055767,14.05257265355177
2015-06-28,0.2924326005481074,3.508303451543957,3.4453185100016106
2015-06-29,0.2820638835832983,1.765240249390251,11.780102903755822
2015-06-30,-0.716120083887661,6.870676284092339,3.091175677249975
2015-07-01,0.28630205195455544,6.827464644333791,2.325464011105427
2015-07-02,1.267042725281849,-0.14678460834550844,6.366572024461007
2015-07-03,0.2846098400268363,0.9929057926744397,2.3874735474265867
2015-07-04,0.28915060896985134,2.2490762379211287,2.4743178468841225
2015-07-05,0.2855737535192319,-2.61821281455571,2.2388551922823354
2015-07-06,0.2850131056578038,3.0200604851572876,2.8797177179320403
2015-07-07,0.30137279661279825,3.0998736318870157,-2.01436936012451
2015-07-08,0.27965044670135086,1.641953546904664,3.5581971909823236
2015-07-09,-0.7435124614753985,4.6954807123051125,4.499996248937872
2015-07-10,0.2672312062149469,1.3904230399817399,10.623924504794466
2015-07-11,0.2607294621709242,5.692333961373334,14.142049963561226
2015-07-12,1.2496565336269714,0.7751947662588445,3.5110066873268346
2015-07-13,1.2438801659746472,0.2338034925686855,-1.4584555330554787
2015-07-14,4.576843447018413,0.3839033983460817,3.108852001226345
2015-07-15,2.2338582243756946,0.9724489008946633,2.5646573067229976
2015-07-16,0.23213878083133477,0.5569514944709818,3.133611284654516
2015-07-17,0.22198154179179308,1.8830705670852776,15.220395480376556
2015-07-18,0.2156267631988103,1.5395816731211103,8.85429143980359
2015-07-19,0.20751636811288132,1.6020025018725164,22.561991571787885
2015-07-20,0.2016662192797138,1.1230097176185683,21.200084438961948
2015-07-21,-0.18154270982969914,0.7293963499297654,17.1989314602627
2015-07-22,0.18863563016864274,2.476040327436095,19.448681872675213
2015-07-23,0.18197269408299332,0.7716188561816062,-0.17657603957829315
2015-07-24,0.17433686551119382,1.8198869706486402,0.26250517726202205
2015-07-25,0.16655524852718792,0.1279536385569998,0.16984996642712483
2015-07-26,0.15919057690799449,-0.8778393204171262,4.950464818821079
2015-07-27,0.1529611207523049,-0.6366231024226432,0.6869274663936045
2015-07-28,0.14696620321851506,0.978700488545728,6.113034899974929
2015-07-29,2.1426825988845413,0.43053572616557667,0.9871155542548526
2015-07-30,0.138184151445934,1.004744717489727,3.4389154834844966
2015-07-31,0.13285187420399908,-0.23158285828748795,0.7933115545702134
2015-08-01,0.12651413195437383,0.8470001945918801,1.7451067983321082
2015-08-02,0.11945049885456437,5.139575260671793,1.2073818486994508
2015-08-03,0.11273892844721416,2.728527119109181,-5.031144573394065
2015-08-04,0.1049429418615106,0.9912376389485948,1.162783966534108
2015-08-05,0.09640571987510502,0.5947423525905153,7.006414791679328
2015-08-06,-0.5346090134754622,-0.004038555626057313,0.027360279807225538
2015-08-07,0.08259621373240754,-0.6739175032138007,1.0681895709106317
2015-08-08,0.07654402449455681,1.3657579786909289,1.666522140995492
2015-08-09,0.06936560123718909,3.5601762374724193,11.51739293874651
2015-08-10,1.072925717495222,2.408764409515336,2.2169817351974217
2015-08-11,2.069628773292198,0.8679345115017904,20.613903016814405
2015-08-12,1.0533501883954322,1.3793421886434563,7.920577806645556
2015-08-13,2.6703026507045564,4.035552715589371,3.734608929062265
2015-08-14,0.0400287796410915,4.5108757536565145,5.133256267462581
2015-08-15,0.033643928630656676,2.702782149780983,2.793658727130649
2015-08-16,2.0504115682523514,2.7416285100599134,2.9319311957702485
2015-08-17,4.020817100419316,1.3006002316321512,6.9163554755019945
2015-08-18,4.017393742012602,6.765632751926804,1.3070655122103354
2015-08-19,0.001012952053040233,6.196585656236001,1.902661548852574
2015-08-20,-0.023681707745512096,1.4836473661190217,1.278362513931132
2015-08-21,0.004318821115283561,3.656169970780499,1.1666936127933574
2015-08-22,0.004598812981801904,3.6515839258566953,11.09773745803319
2015-08-23,2.0302559881602744,2.332570450674353,2.66832312929605
2015-08-24,-0.02326486942048798,5.749844038827051,-9.667890619715886
2015-08-25,-0.01814871677511217,3.34531540538256,14.521753329846012
2015-08-26,0.006008699886139602,3.7900791465950254,14.715110342874796
2015-08-27,0.01003611905592806,5.353293387366818,10.79226644516
2015-08-28,0.020137907650042104,5.949333138890539,4.383262322656229
2015-08-29,0.03188336103564382,2.8926525745251315,7.927963535881081
2015-08-30,0.02591624078299099,2.6011160834868643,3.872468884546713
2015-08-31,2.039125290347877,15.888636277995136,3.4950078012609325
2015-09-01,-0.289270457410042,4.417499733641543,4.452907432410106
2015-09-02,2.057688065747823,2.8116332861019684,1.315643538726814
2015-09-03,1.0625036151187583,4.816499929445256,2.1329089518830755
2015-09-04,0.0641904719289018,1.3960342402738513,1.3642587808044393
2015-09-05,0.07487151928900179,2.8436979574564427,1.2213436648464302
2015-09-06,0.08148107292480795,3.105254559507202,15.203455251647025
2015-09-07,0.09275134620098932,1.0072625851549866,1.105647815339922
2015-09-08,-0.5690220322708522,1.7490173114608973,18.152410911054346
2015-09-09,0.10188374053525144,3.1088411103903755,9.548436822001877
2015-09-10,0.11145228221530291,0.5004380538220282,22.003304938004057
2015-09-11,4.107239425097242,1.8157293440265847,17.410779743913682
2015-09-12,0.11915198595377496,4.333197066528133,1.3176680722518186
2015-09-13,0.12945846716231055,3.858414343676122,7.121806045469469
2015-09-14,0.14808927529629579,3.551175672505238,-6.693711724639631
2015-09-15,0.15245143868135158,8.660234684353671,1.1874419909122897
2015-09-16,0.14200035603110206,2.2280137121354313,1.2046039332244207
2015-09-17,0.1438454534102584,2.430111368377001,5.5746249152191
2015-09-18,0.14098942676040985,4.099482813464176,2.6881971545368883
2015-09-19,0.14144760832098585,3.654383232189307,2.6493831398573664
2015-09-20,0.14280494241467945,3.054334426373354,2.9759889722518316
2015-09-21,3.1384712948886206,3.6181915267972995,-4.803133783260588
2015-09-22,2.1457180655796497,-1.780127999240189,7.0122253454468275
2015-09-23,0.14494818044623758,3.182196344573106,9.721125981873136
2015-09-24,2.1422896620835727,7.0119324923796915,3.7518458497745217
2015-09-25,0.14724832237116767,4.305148721446442,3.027712992474621
2015-09-26,0.14355722942594254,2.995738719161315,3.035170114183162
2015-09-27,1.1429878595730845,3.252776956490833,2.799260413107983
2015-09-28,1.1411317462280808,5.270439765270135,2.7866507372263865
2015-09-29,-0.8593599493493934,4.323380680657216,2.1200458351503957
2015-09-30,0.14562559512731227,6.164007869146853,2.6409918647051587
2015-10-01,0.14346067204553867,2.833100546909412,1.0299752542875142
2015-10-02,3.1450022466055776,3.608289757712267,1.8676543109988908
2015-10-03,0.14376051270424728,9.90437721894949,1.849506381026376
2015-10-04,0.14369437638035673,3.868705528953911,1.9587712201969216
2015-10-05,0.1383957524399136,2.721456454718541,2.4343205964997514
2015-10-06,0.1389616042524855,11.956383836611318,1.0582527970322793
2015-10-07,1.1456884653363615,2.916079229708062,-4.8151687278599145
2015-10-08,0.14508386767621873,10.262100787346624,1.1931283107291588
2015-10-09,0.1489580277041043,2.6679097304872266,1.1990497687052153
2015-10-10,0.15390042101553797,3.546535703235208,1.3895163724115476
2015-10-11,0.15635350094764197,3.227754157435781,1.1733880478627328
2015-10-12,0.17022111252459274,7.735377937493282,-0.8464821597683366
2015-10-13,-0.8425114977573768,1.3137834492634106,1.0908915383909115
2015-10-14,0.16649628032310082,2.226482980418485,9.682211457178143
2015-10-15,0.16340204829705743,1.5867031666942544,0.9838947063806083
2015-10-16,-0.17618410716306052,1.4548472618367867,1.6208450411610018
2015-10-17,1.1535103914380305,1.4240522315416921,0.8823549054466321
2015-10-18,0.15529252873334717,0.7850087551970004,1.7646694817739084
2015-10-19,5.151080947423615,0.48454825163817244,7.878801931355693
2015-10-20,2.640889799072115,2.5053592262058912,1.7126267046818073
2015-10-21,0.14928773007293822,0.2939770641345484,0.737946162321299
2015-10-22,0.14303699446694992,4.0342990313196605,0.2472848251259128
2015-10-23,-0.5320106159168485,2.108156724681948,0.13445286651161964
2015-10-24,3.136781879551713,3.0123338633141628,0.5105805785778863
2015-10-25,0.13817371723067287,3.657469797988058,0.6855211137372055
2015-10-26,7.1326135786158895,6.0410397829745675,1.5131573345484872
2015-10-27,5.083673679019889,1.848984247454357,-3.0928287253526476
2015-10-28,0.13626843283045934,4.187392898702498,1.2166737975757593
2015-10-29,0.14817662129984455,2.1331150621638004,1.9403266888719106
2015-10-30,0.12859475786731323,5.219657626265449,4.29146575494366
2015-10-31,0.12098207998095646,1.2849127684615875,2.62755942616912
2015-11-01,0.14094158759806388,2.6873763521692573,0.8682501662430941
2015-11-02,0.11532230128114718,1.2793287475634736,0.012989199430449572
2015-11-03,0.1158950846203148,3.018190150227142,1.500756282908851
2015-11-04,0.1422765935312852,2.026686320167484,1.6356044851251736
2015-11-05,2.1555308303075607,2.3277343997072375,5.898020915568065
2015-11-06,1.4934798516982357,1.265679891215499,2.597942762086226
2015-11-07,0.15132387718127763,3.635415293517025,1.9156357859023416
2015-11-08,0.16629945873670252,2.021949140346904,3.18508594100763
2015-11-09,-0.497376358559372,1.8732627478153083,7.127855036263581
2015-11-10,0.17332908400570646,-0.5235436862782279,13.174120420002927
2015-11-11,1.1904680088049577,2.5288445594812847,1.6097968238475042
2015-11-12,0.20138627771499434,-0.1769199565221528,2.041951075580805
2015-11-13,2.8315289973427853,0.5323500084637285,0.7691240328895838
2015-11-14,0.19409062496226104,0.4537448185261954,1.330063831471246
2015-11-15,0.21258671115667405,1.529597446557727,1.277501353929921
2015-11-16,-0.10337307805245444,3.0379093578695153,2.068867299192169
2015-11-17,8.230562403074092,4.172931255441546,3.0777444141224106
2015-11-18,0.23024547000683868,1.8700815197969,8.358704230161347
2015-11-19,0.2470473818178595,7.053455969983521,1.3745623007458163
2015-11-20,0.2903707246242538,4.553427974279488,0.40192381570883795
2015-11-21,1.2235826090056636,17.476433912938266,1.5401784557094376
2015-11-22,0.24978360750087283,3.076084720641778,1.432691976368932
2015-11-23,0.30803125273710874,12.056055397809136,6.462045795575751
2015-11-24,0.3052034310115944,3.1958993065129113,19.949579910294492
2015-11-25,0.26210284958944546,7.407978407705646,2.1332930003834205
2015-11-26,0.2366427183979165,0.199292290279119,9.627127049632069
2015-11-27,0.23805429385378887,-0.9716342495876454,2.0612927523677484
2015-11-28,0.20743633604555178,1.5982442332878735,1.443960759687974
2015-11-29,0.19973078007920642,6.450180605152401,1.3865509601911625
2015-11-30,3.861103042032299,-1.1086957207433237,2.685188367307962
2015-12-01,1.1873527009236018,-0.5628520267960844,0.5707472345358731
2015-12-02,0.17020294613116002,2.8864015210305056,0.6180539466509493
2015-12-03,2.1515293511510762,4.8432145692547675,0.508052948098507
2015-12-04,0.1409764234461105,3.7696777178357905,8.310141071212874
2015-12-05,0.1395288950285088,2.5481373014697284,1.2531766369799882
2015-12-06,0.11532302207583156,2.537867351611426,1.241830479686868
2015-12-07,3.3378342562867624,4.486468537841331,0.8041434286471352
2015-12-08,5.089575116931272,3.8668878347766924,11.657334991235809
2015-12-09,4.0804660782309785,1.897127801526587,9.238476728459595
2015-12-10,0.06843552448803689,2.1433883848845134,1.0517202394633238
2015-12-11,0.05585464779076884,8.694520473571588,-2.469955337797531
2015-12-12,1.047497313821716,3.102344725700129,1.5514420451632285
2015-12-13,0.02195659267545659,2.4286690041506116,1.703228588578881
2015-12-14,-0.03924890561817981,2.3242245255726983,-2.0950093061729484
2015-12-15,-0.03886247510523643,1.7327795979899974,1.3363817473881237
2015-12-16,0.0033922857912738746,1.6414479120738208,2.2409305981208836
2015-12-17,6.008858594017205,5.418296804180672,8.437516005022788
2015-12-18,1.019973259004343,2.907376186752278,2.1971085711400793
2015-12-19,0.007429842367221863,1.2606450063725907,2.410276594479232
2015-12-20,0.0011250617648856341,2.9623325954774464,1.8126640318547502
2015-12-21,-0.012233879772928311,9.049559703685523,7.759084404181101
2015-12-22,-0.022703079410795208,1.8986748800352204,2.838772241653647
2015-12-23,-0.0032888847247953823,3.22801688087369,4.39203492617593
2015-12-24,0.02457247204806827,0.579050680347936,4.763110162168994
2015-12-25,0.030240915814685125,1.6172792556480022,15.825145245539792
2015-12-26,0.019325801472528305,2.294467906480109,10.407573714741195
2015-12-27,0.034591713348493064,1.5678763404261686,20.818290964733603
2015-12-28,0.037334249572716104,2.925473618307817,7.159066338339029
2015-12-29,-0.31047328718817274,8.146545755330104,25.1365672188354
2015-12-30,0.05434517160721952,12.22760467759402,8.124728125014432
2015-12-31,0.05569924492506187,1.5262607249260782,-0.9909422522808663
2016-01-01,0.06184688373982475,1.8238599419222865,-1.4699395328167353
2016-01-02,0.07257517878264497,3.10598946542152,3.726346855891024
2016-01-03,0.07857241332834691,3.608981667175349,9.674678525769577
2016-01-04,0.09795593754002425,0.596499544376869,12.644099717773695
2016-01-05,-0.5783071187129774,4.629136800471776,8.236741231633136
2016-01-06,0.08392686206653224,3.598497988734987,17.549962988125106
2016-01-07,0.10227448051916965,5.330303534462155,11.098567917452906
2016-01-08,0.1085157408949433,1.0691503079705658,5.958598338330786
2016-01-09,0.11942710427611095,0.29252057495776246,4.644018984098189
2016-01-10,0.1294881670201173,3.417019749464405,3.3344965575345773
2016-01-11,3.164815601777704,4.895521913880627,-2.2728063636416276
2016-01-12,0.09484724979532588,2.4256032871378226,4.158084690406989
2016-01-13,0.20533317920536964,2.053135848772253,1.7884753336607133
2016-01-14,0.17987198658364345,3.8311527501855336,2.1873965107914195
2016-01-15,0.20779217280812853,6.728315923250301,0.2108481145397439
2016-01-16,0.2808565038232734,6.1292068413514205,2.665407693242471
2016-01-17,0.3155532045228652,16.463347482215514,1.173776270006451
2016-01-18,0.3259125526241391,9.777828361332904,1.4859776229809114
2016-01-19,-2.2283994484855287,36.26865700844839,3.75489658012642
2016-01-20,1.467441817243601,9.212649302988403,1.6609242196731677
2016-01-21,0.35142718749624086,35.975858264660154,4.9024955127927905
2016-01-22,0.38568789982368396,9.168827312047995,0.6750527013361514
2016-01-23,0.5448567524556094,10.761044567764095,1.4184489555021138
2016-01-24,0.5849240679421154,6.152072587632286,2.040131379957865
2016-01-25,0.5535192916311393,5.369896869157655,2.061237023959475
2016-01-26,4.416478580356568,5.848516272974527,0.5707528580267724
2016-01-27,0.7552024816727048,12.187074999410273,1.223801263477117
2016-01-28,5.604327290164358,4.533885690255531,0.7294024402162358
2016-01-29,0.680336825114328,12.544588564782991,0.7823297030496849
2016-01-30,0.9764966361599893,5.5106829580853045,2.317943699933211
2016-01-31,1.032272069138206,5.0343290634091025,1.3618430515500066
2016-02-01,0.5487567999828702,6.35211729393324,11.849310239612224
2016-02-02,1.292099715174774,8.52497283816193,13.612422637568232
2016-02-03,1.2068179711827045,6.95131414193145,0.9388994662654289
2016-02-04,6.45994495693107,8.067400841782725,13.801125997385242
2016-02-05,2.689817793342325,8.285317542663188,3.7141554541383277
2016-02-06,1.3453473364465225,10.065126992985688,1.891057261928829
2016-02-07,1.4165899523184688,10.985673763973342,2.11948290702874
2016-02-08,1.6472994548533781,8.404192983361852,1.6699781986211093
2016-02-09,-2.5924952657203395,10.282755822151508,-2.6786179057037574
2016-02-10,4.374571670153329,32.44068605591291,2.432822983417694
2016-02-11,2.6534858077795356,11.02697782265619,2.7048171002498838
2016-02-12,1.5234565777830218,25.914970969795142,1.4789698968517508
2016-02-13,3.26423290136675,3.359948891293772,2.7249064294062704
2016-02-14,1.2889355247053604,9.110196270024105,2.9139986126998387
2016-02-15,1.3364977307054038,8.846663345509551,3.776055170605467
2016-02-16,-0.5608677793910903,7.789139666950509,3.4771128659441706
2016-02-17,1.132124807296481,6.040227230391219,3.5446521430879887
2016-02-18,1.041018272080468,6.136673865717404,3.052682640384846
2016-02-19,4.818568237018265,5.325863348714063,4.863110807454416
2016-02-20,0.9245426004395589,4.688216553043825,3.0484688574705854
2016-02-21,0.9715927209194641,4.043936891605522,3.2222913494930827
2016-02-22,-0.17410312782860857,3.0507871685213384,3.9915773136556396
2016-02-23,-0.45340510264874523,1.9389703560427156,-6.015278380506697
2016-02-24,6.689074855309522,6.052442848029318,19.367286736749026
2016-02-25,0.6604901007760149,9.692251281866788,6.622696150921808
2016-02-26,1.5032174805530767,5.03372356865337,9.875524995202003
2016-02-27,1.9398422513918934,2.903458579166287,2.703153339246351
2016-02-28,0.9912846803411584,5.494980111746601,2.839790130421464
2016-02-29,0.5869173885907325,10.00676760241969,-1.4308574479390428
2016-03-01,0.6337724756321896,13.653023566118248,3.6616763613005645
2016-03-02,0.5030528804286807,3.9716793331958464,9.391751043159003
2016-03-03,0.4442944458026199,3.384362510150995,2.0967785996542223
2016-03-04,0.8786718399580331,2.408026863317363,0.8771350528175399
2016-03-05,1.0846494783226337,6.7796277085537024,2.021951246075185
2016-03-06,1.0787570827202928,2.705202145597704,6.09430408915488
2016-03-07,-0.45281705343738177,5.919061739099107,1.3382396619771555
2016-03-08,-0.4113252332385183,5.981577713603295,-5.51406866570974
2016-03-09,1.1716855240318622,13.84578537877557,1.3157445085909432
2016-03-10,1.1994402755377256,7.209115842408163,1.4177030900966585
2016-03-11,1.2114110285644446,5.264139369055989,1.8575433554995686
2016-03-12,1.1733659101783676,4.233885329611676,1.2635656039000245
2016-03-13,1.1848403581944869,6.853505049698476,1.36235188249765
2016-03-14,2.4262734995553767,6.844880260105477,10.106141775241337
2016-03-15,5.447013699274743,5.854425889054641,1.3329067273215394
2016-03-16,1.2062467295867365,7.156820081949907,3.1464073770411582
2016-03-17,-2.863384111631808,6.457332824573052,6.059855233395543
2016-03-18,9.441808936027488,6.445086530356906,6.592515943823196
2016-03-19,1.259696904066672,4.6451224915395946,1.8137703100922116
2016-03-20,1.2836248157454457,9.769704229868065,1.7929651678039316
2016-03-21,1.2962081536023706,11.849003044016477,0.5329152037522231
2016-03-22,1.3407811621695411,4.2161022798333665,18.920637653280632
2016-03-23,10.685449242816217,2.0424467149993712,9.94162790200392
2016-03-24,-1.585563535841677,2.235555557139465,0.7078512278879251
2016-03-25,-0.06490398371287487,2.9161859448946954,0.3489444154551936
2016-03-26,1.4607680993733934,8.218846572894378,0.4342482331919804
2016-03-27,1.492061206277799,2.6478388922024894,0.3875939845314238
2016-03-28,3.110463515597706,1.4839243839645173,0.7929127503654416
2016-03-29,4.782734774940997,2.777447145874424,-0.07298727227525315
2016-03-30,11.24113174366379,9.432905313553919,-0.11368325827065691
2016-03-31,9.715622384749343,4.808811728474397,8.275370448824951
2016-04-01,4.731705168286416,9.950388502896594,0.3115433727140307
2016-04-02,1.4995401342054167,3.7534468430028234,0.33461483947170423
2016-04-03,1.4924757608440555,2.2754462514689693,0.2058668440188536
2016-04-04,-1.1007820917355253,2.37035971437575,-0.3901212911532971
2016-04-05,2.1898143596121162,4.132954524860443,-0.5617594387643792
2016-04-06,1.7360156175838706,2.5416979239051094,0.26322492391429964
2016-04-07,1.7345426713047534,0.6023391439679119,-0.3299410680274001
2016-04-08,1.7433198157934098,3.483838928423408,0.3893060965946431
2016-04-09,1.3203778782272428,4.292021667693751,0.43920058868063305
2016-04-10,1.2839023625178005,8.412808170575381,0.635568618720961
2016-04-11,1.62881787743002,6.576947424944112,0.5120082250654234
2016-04-12,1.5402136095884305,3.209233436077115,0.08302605059397472
2016-04-13,3.2698701992836243,2.616575782120474,11.442929128827908
2016-04-14,2.6924293092453904,12.916220240507121,0.7434005770222822
2016-04-15,-2.1603615023188194,2.3608371415487692,0.7954180738771411
2016-04-16,1.000692665366461,0.8116250554825344,0.7689651813972167
2016-04-17,0.9312119948385572,1.6265693859924122,5.215128886168813
2016-04-18,0.029154125107470064,0.8843972715064558,9.370344460296304
2016-04-19,6.291364453471201,0.40975430930066414,3.8089846162367493
2016-04-20,0.7553212961239694,8.697216957595138,1.557155455295758
2016-04-21,-0.24188619994564303,0.530669468013007,17.426159976690062
2016-04-22,-1.0785592840044478,1.2817233094236107,5.453428463113552
2016-04-23,0.5476787542260795,0.909409062026417,3.2781494749909585
2016-04-24,0.4576417971524965,4.168855024070793,1.7423532248254774
2016-04-25,-0.594151244567086,3.7162534853525373,2.3051533540390134
2016-04-26,3.0491156659914087,12.383387581610227,1.13733597702059
2016-04-27,0.22018970604136512,6.232283791454714,2.6479000885448416
2016-04-28,0.7800451006495118,6.658911567686028,7.261909614160004
2016-04-29,0.014943260444933923,12.892863321399737,1.355539084529267
2016-04-30,0.3649388025071477,6.817041508543218,1.6411932838270828
2016-05-01,0.33857751238949596,2.0996775490934727,3.2592609214407666
2016-05-02,-0.13374412462668828,3.5993695446425327,-0.4998189061980816
2016-05-03,-0.16328426738798313,2.9892179902289495,-1.9773287855100061
2016-05-04,-0.1954456174806386,2.108529250578329,11.97160919353206
2016-05-05,-0.17379336776228574,11.86003783556284,5.090704922491385
2016-05-06,-0.16921246346908972,1.9049692332640829,11.221716413966433
2016-05-07,0.2610343193451706,1.095639918829053,5.884896535777577
2016-05-08,0.24927206512115763,5.41322180659931,6.108509750747912
2016-05-09,-0.13478292876493886,1.9634551731586614,4.789228882183545
2016-05-10,-0.10335427877706839,2.4738150082013806,6.315788779351781
2016-05-11,2.1031523264234213,1.7756578637249056,4.559694191849337
2016-05-12,1.0391739353289036,3.6389032902761964,3.6239915000886214
2016-05-13,1.1176063685591238,1.8262534505890922,3.9590487689958986
2016-05-14,0.0744812136557191,3.4516879802895692,3.5751162133726133
2016-05-15,0.11947725790231972,3.423531955200716,1.748460839858054
2016-05-16,2.811654462445528,-1.9134216322821413,11.12123354136559
2016-05-17,-0.9004676407777301,6.402434019403667,2.2263229701002203
2016-05-18,5.256432576459668,7.393426677474508,2.0487673529419896
2016-05-19,11.276276810007888,3.968918233201075,-0.8149950894873295
2016-05-20,3.29264789946012,7.378767929172568,3.015915861048111
2016-05-21,0.3014023807417859,6.028233971763502,1.9177080471335952
2016-05-22,0.32927374889687683,4.3912542774387315,3.017825372618532
2016-05-23,7.699609191328904,8.798309383929169,2.665421111662784
2016-05-24,5.390122976545306,2.2400337868492683,1.8819752981402127
2016-05-25,0.43162063534489054,2.419529915501666,2.2593781102832926
2016-05-26,0.4811510900844896,2.316393418269095,7.087318880440508
2016-05-27,0.5582439238566084,5.798476251830329,1.6727114663005653
2016-05-28,0.5360346975893272,5.514358075270454,2.1917606985644325
2016-05-29,0.5810111620726344,3.470216848216822,2.1433332892390546
2016-05-30,0.6980505280340392,3.2255896822460244,-2.655199931660212
2016-05-31,0.7288906061040272,2.12173222839113,14.351468381841256
2016-06-01,-0.027561485389591522,0.8822460305429684,10.320701010978711
2016-06-02,0.1816276197697978,3.0541897855663156,2.471977953158333
2016-06-03,0.7205805275095802,-0.05605506901959734,2.647274973479326
2016-06-04,0.7086717788943446,0.1988216283816353,2.394324015065575
2016-06-05,0.7146478968197781,2.5164357860203315,2.3895225518460967
2016-06-06,0.2198204861880775,-0.17019697553603774,2.249425461543472
2016-06-07,1.228001781973343,9.347078049945857,2.7206614251065564
2016-06-08,0.346536598017143,5.668921375112049,8.481521803677612
2016-06-09,0.7240816115048212,10.166013579186291,2.8434999320957632
2016-06-10,0.7410967489093084,3.9499534175443802,2.202582757711283
2016-06-11,0.7456785667803718,-1.2357442064033786,2.0968724159676184
2016-06-12,0.7513972445671355,2.8397684313128755,2.3228020277763104
2016-06-13,0.7019554105138811,2.3554339169164082,3.5893999617352916
2016-06-14,0.7179911909963075,4.569476795303876,3.49371642182316
2016-06-15,0.7398014052365529,3.450833504558603,2.583895248284744
2016-06-16,3.510888302321312,1.299547854843853,1.6548816102506048
2016-06-17,0.8499487719288141,1.248361672166325,1.7813359620040106
2016-06-18,0.8676625279412865,3.132620939726531,2.8229380158145547
2016-06-19,0.9016339274375125,2.0337200350854485,1.9664464466976126
2016-06-20,6.56383404548819,3.1479856076683315,3.993718638924304
2016-06-21,-1.4235401848364377,1.5229731784900515,0.1891472774402188
2016-06-22,1.5918491293322057,8.001304462089923,11.483971080319659
2016-06-23,-0.6034326095042805,4.295300526539993,6.115834744781229
2016-06-24,1.038145882671266,0.8874051091848767,4.984264916786549
2016-06-25,1.0216109089073535,2.0701169715985728,1.5503434345226648
2016-06-26,1.0673040607226594,0.41966641725739917,1.6164565107215665
2016-06-27,7.453722139932748,12.095111014055789,0.4133497770052555
2016-06-28,-1.5450741221040603,13.90302876867702,0.43131516105567635
2016-06-29,2.459458179908604,0.9030202434525586,-1.424260902512846
2016-06-30,1.2949976342575775,7.226151539629683,2.7792320990061428
2016-07-01,1.217493152926789,3.403844455408837,3.226776062409251
2016-07-02,3.1021922209123574,1.2363537402367064,2.4051559758609695
2016-07-03,1.1359138585910094,2.9483052309858424,3.39662777772777
2016-07-04,1.333817145299812,2.4232779251085432,1.9058506611464383
2016-07-05,1.313734292799268,0.8741141814181664,4.245934336510916
2016-07-06,1.2961788888780597,0.7823076681942807,3.39432890475602
2016-07-07,2.748972471699944,0.3228871430928416,-1.4810985577249958
2016-07-08,1.1107908476111201,2.1920756932067658,2.8332261974738904
2016-07-09,1.0396896123954522,1.331269978224149,2.392204293192718
2016-07-10,1.0267769135832234,5.227438822190761,1.3000635044688726
2016-07-11,0.011885975656832803,1.4677502875341504,2.2261627257936483
2016-07-12,2.268640472997979,5.630386606701627,1.432260921592138
2016-07-13,-1.0572019290764423,0.5941498483682586,1.4253287544764421
2016-07-14,0.07660111516258143,2.465322565535697,1.5947132064699736
2016-07-15,3.7765646201360967,1.8744431786750184,0.9203115719456972
2016-07-16,0.7387397239949777,2.7113633560002324,2.485307951181306
2016-07-17,0.6797498494668438,1.0166891311539468,3.571637354104139
2016-07-18,-0.43613387545260573,11.372875403544422,7.991047011734658
2016-07-19,6.17864380985056,0.006265024269946851,0.8398470771148072
2016-07-20,-0.5109666555753236,3.5940260649633258,12.313187343423243
2016-07-21,0.3417415870861168,0.016066401682056308,5.844220618415524
2016-07-22,0.3904150000774064,2.0518690651083697,2.0460773781081314
2016-07-23,0.365170096214979,3.737627221927772,1.9644568044455617
2016-07-24,0.33403402562207035,2.3038235325109375,2.035796654379143
2016-07-25,0.14869344589333688,1.8604838764153182,1.5801892991923583
2016-07-26,3.9555570623809726,5.086347065700393,-2.200193957733349
2016-07-27,0.11082703199647218,-4.021406368819702,2.0036604047705566
2016-07-28,0.10166518137861733,4.20652322996235,3.29821408135954
2016-07-29,0.20500189135200828,15.979432673915396,3.169014107864078
2016-07-30,0.26327381825812934,1.864904625067731,2.9644053785465108
2016-07-31,0.2853813825809549,3.9824589053413515,2.992266889744217
2016-08-01,-0.6773945998939367,7.4959283709719084,2.8274534746997952
2016-08-02,0.240968444090694,4.726199110608405,3.2717018349270237
2016-08-03,1.024966383502754,6.280772393790688,3.323204747756486
2016-08-04,1.0627130268245903,-1.1425942599136132,2.405319207771931
2016-08-05,0.41085647025070526,20.350035021910944,3.6834865242402377
2016-08-06,0.43182690871372037,2.7011221423472334,4.212387880555356
2016-08-07,0.4611547234457621,2.6098490843039244,4.139479696902972
2016-08-08,1.533283771897222,2.7124165170271164,3.5619317511864548
2016-08-09,0.5023188110657473,2.67948829668831,-6.753008810318809
2016-08-10,0.5509277485773508,2.9246077049615433,5.027326989622556
2016-08-11,-0.42529054689208956,5.44921168490093,-2.860956241338797
2016-08-12,0.5795336700689755,3.198452630180012,6.721278977069638
2016-08-13,0.612957159008162,3.8626758009199316,5.288510915000216
2016-08-14,0.6394040552732217,3.782722653652667,6.19186611591504
2016-08-15,0.6437763702923385,2.9884620459633244,5.843550482059981
2016-08-16,0.664056339081362,9.90271605986866,11.466959286359572
2016-08-17,0.6782854389211846,3.090493619625947,13.31619418245853
2016-08-18,0.6939009561376781,11.379112850115238,7.082068092916128
2016-08-19,0.7113648915540185,6.117636991991089,6.385571540548472
2016-08-20,0.7848987438054947,18.57693078637177,6.259874208431679
2016-08-21,0.8064521178689478,8.187302355941373,5.8425557989126675
2016-08-22,1.8341181597409604,5.486702145846074,7.5510704881644255
2016-08-23,4.49158184402163,3.4466984269222305,16.158958744178054
2016-08-24,0.8665234218670845,3.969093002732359,28.978434657917038
2016-08-25,-1.534561730766813,5.57175944825622,13.594281855079126
2016-08-26,3.878909100809797,4.701736038555939,27.944131293372703
2016-08-27,1.0626579507926177,4.508332686380766,8.183957060573292
2016-08-28,1.1180771440634856,2.6057529717911634,10.662204563148101
2016-08-29,0.20626951121412473,13.578554145914147,-1.6623763845308366
2016-08-30,-1.4304279014923287,3.4766946067928886,7.6102336030228415
2016-08-31,0.5310457493578825,2.0458392066369804,7.14895024233581
2016-09-01,1.4195122137861351,-0.3118650264666023,6.08926334472479
2016-09-02,3.6478958765114617,-0.529001038422656,4.764046420063452
2016-09-03,1.3777868014534362,1.1074877786843682,5.325564901054122
2016-09-04,1.4037364288415315,0.5962599867493114,4.876865013024256
2016-09-05,1.5602800202113178,0.6272292767438299,10.325046978389958
2016-09-06,1.5594024204575785,1.270108510543031,5.4380441056152975
2016-09-07,1.9320771628141142,1.7780950216750289,12.86813552732925
2016-09-08,-1.617904622314307,-0.007296938888448019,6.536787426252903
2016-09-09,0.4179992502266856,2.1211707287048065,10.108665231813504
2016-09-10,1.40118127293405,1.246362064772961,3.7666049872558953
2016-09-11,1.3741017093288064,2.7276904125043866,3.4099384258226326
2016-09-12,3.660853301840091,1.9051614651679043,3.3705570125067488
2016-09-13,-0.1622599205612265,3.1170585926314622,3.6941710671014363
2016-09-14,1.3741638648041061,0.39799103694570026,2.3057486670019887
2016-09-15,3.203906499838392,2.493386905824741,2.9176115161805143
2016-09-16,1.3136460142343491,0.07389703388152195,2.2074133110293395
2016-09-17,1.2440242038011167,8.254322253779126,2.3516784559134605
2016-09-18,1.2160374240768448,0.7911550119482309,1.9503485681559711
2016-09-19,0.8023070080347487,2.699969948713217,1.159099139693224
2016-09-20,1.1859679050103928,0.47633438985298315,0.015593486813439195
2016-09-21,1.150988947091827,2.4868192046127695,0.28710127284416537
2016-09-22,1.1207456730064287,0.14939310264412425,-2.9555698561619477
2016-09-23,0.336739633126883,3.0447472033187446,20.016459347340696
2016-09-24,1.0812269169394073,1.2028398731223966,1.2816989896010305
2016-09-25,1.0027536596950342,0.9506241009967519,1.9946647208518855
2016-09-26,0.9580005431310176,-0.5713806762472317,-0.6235067263206823
2016-09-27,-1.7241754746427487,6.700430685344596,0.10163245074590944
2016-09-28,0.9109029781077198,8.695333979400312,-0.08771331948780997
2016-09-29,7.917657849380591,2.2406799423964214,0.3878372253634119
2016-09-30,0.35390309820373544,-0.05455730679473091,2.4749453140945947
2016-10-01,0.9192521337908941,1.0133449505557075,0.7203477017774136
2016-10-02,0.8885950402862584,0.7514057805183864,0.5081392148075292
2016-10-03,8.194541231549344,1.3553297449276944,1.6077407624046005
2016-10-04,0.4082244075756114,0.7120522927313518,0.47746741493724415
2016-10-05,3.8525643806046865,1.0628456307059084,1.571884056624883
2016-10-06,-0.24392432995806868,1.4176824541469648,-0.8151916245823573
2016-10-07,1.4035960655835025,2.294985970488891,0.0030886233129503275
2016-10-08,1.862495763801065,0.810357342799529,0.576342938514718
2016-10-09,0.7666385003792278,1.0251860221971816,0.49943030035146263
2016-10-10,6.436483120689403,2.3022241520573683,0.7480924007613141
2016-10-11,1.5422001164784083,2.540947232066578,0.3138614841520988
2016-10-12,0.7632638441053406,1.5999706177923125,1.465363242736535
2016-10-13,1.6011262466721399,0.46600047981636966,1.1180841298354736
2016-10-14,5.424027098885421,1.5002744183954826,0.3753254981129466
2016-10-15,0.8459211105457444,5.127043450845951,0.4602231880344784
2016-10-16,1.6915752157050434,2.1911665046242077,0.4452854942212598
2016-10-17,1.7158815280664388,2.515772076108684,-0.015798477363784546
2016-10-18,1.910342340472226,2.8791757762966803,1.1681547800315049
2016-10-19,1.720114402293228,1.2142425351000123,-0.28756455065030845
2016-10-20,0.7507541028084941,2.324574453719046,-0.16086425846242092
2016-10-21,1.9143557817053973,8.514486120870973,0.36576382484969067
2016-10-22,1.0735490236680842,1.3834266880444703,0.37425364888782114
2016-10-23,0.5592408841180189,3.9353682963239818,0.36348742114195254
2016-10-24,-0.7682675192644887,0.9958427132103435,0.15869171543406435
2016-10-25,-0.785015415592288,0.2330396866068855,0.11602445965183611
2016-10-26,0.5723724568768134,1.5859532557296714,-0.036766396093205235
2016-10-27,0.8683925544094664,1.963557123835536,1.775454505590997
2016-10-28,-0.6082433573937154,1.2698641789099137,12.245174577006685
2016-10-29,0.676291414129269,0.7512977058618181,0.39028366616308136
2016-10-30,0.4436879345132217,1.9971419645319761,0.4183054620438983
2016-10-31,4.749394090349178,2.474477868440247,0.05181412150429514
2016-11-01,0.5097195617301501,2.627190030826327,0.37252785617666195
2016-11-02,2.426777533714043,4.178770745442895,-0.3197355769076521
2016-11-03,1.9773342417715658,14.888751969135845,-1.229687683858395
2016-11-04,0.342081402671783,1.7580087316987665,0.055942902840097126
2016-11-05,0.42513223968271374,5.092393670725809,0.5276386937381868
2016-11-06,0.2600441859820095,-0.48189097606330966,0.558152957470686
2016-11-07,0.24334043890027732,-0.21887442697163567,1.101806368719555
2016-11-08,-0.580970136697431,0.6487992072655645,0.6136645296889698
2016-11-09,0.23516172803234958,0.1588225600879196,1.2346399783866948
2016-11-10,2.1058582296183057,1.1152002826877114,2.01580037628009
2016-11-11,-0.3237163483984633,2.818056412867199,0.7345369608566648
2016-11-12,0.3362156821714526,-0.2213140712120444,0.7104364288811197
2016-11-13,0.2889447983279013,2.9862015408247764,0.7476628183485062
2016-11-14,1.6402379681519463,8.02926419209205,5.108158208475552
2016-11-15,1.393491795952759,9.504098189419246,0.48360376858904536
2016-11-16,0.3054135086318722,1.854802928430175,2.0719735310254297
2016-11-17,0.3035328234598492,1.5216167608976994,0.20404798807115843
2016-11-18,0.0062396787554116675,0.9760128067678467,1.5804744031633455
2016-11-19,0.3369744110187038,1.3823559927960734,0.699082832354788
2016-11-20,0.34979686499998436,-0.20428760048610384,0.9279176948525867
2016-11-21,2.035295124064219,3.344935665830116,0.1748230792963598
2016-11-22,0.3607372517754265,9.684980179483402,-0.2391420152909361
2016-11-23,0.3729347301895908,7.307999426879293,0.6307099685342188
2016-11-24,0.3809782762907855,1.812208563897711,1.4125067705965808
2016-11-25,0.3890572844417465,-0.03965417701403337,1.9349766183005326
2016-11-26,0.4017133577111555,3.1778907851831817,0.17055252445833052
2016-11-27,0.4204976872346155,3.4807665921654887,0.8689971168909925
2016-11-28,0.4130733403352993,0.7384353258423833,2.4540311801037658
2016-11-29,-0.641151725746866,2.292038976306472,1.6640342221278344
2016-11-30,0.4141805907142525,1.4188140004161112,6.49073059705363
2016-12-01,0.41640760336886423,0.2556252450697464,-0.7796924492202674
2016-12-02,0.4379148499707907,3.3014553073220223,0.8123564576773286
2016-12-03,3.4988286081132296,4.794380697788677,2.9164586734868534
2016-12-04,0.48159378473839154,8.813013177279114,0.7188528775916977
2016-12-05,6.864303590573204,4.529594058808737,0.6122835014919136
2016-12-06,-0.41024893096774423,1.8935665390992855,1.322512400883204
2016-12-07,10.821671210091823,3.019583938208218,1.2333441735795707
2016-12-08,2.829259062437441,5.002000637944419,2.0401001162619554
2016-12-09,0.5321352662152296,2.0059359165017927,1.1738852603408598
2016-12-10,1.619703291957184,0.6478492958160001,2.818682167575775
2016-12-11,0.5975845049972064,1.1642360166979455,3.5768856520589227
2016-12-12,0.33891315864391325,10.032483043369892,1.5776964203363155
2016-12-13,4.832453568037485,7.684931060441414,3.7925335824074673
2016-12-14,-0.6326027083380897,3.483721893798582,1.256891364370474
2016-12-15,2.3749952428526644,8.798778731227811,2.9502127466800587
2016-12-16,5.604668896764643,4.161003637507958,7.007344511598624
2016-12-17,0.7581466184450023,1.3300708500857088,-0.008944086707094123
2016-12-18,0.7146733846581939,3.8419545671990107,0.35644334373861475
2016-12-19,0.8535033250816202,0.44926356053012306,1.447885887657544
2016-12-20,0.8870110723130927,3.262562016925544,4.520704780848009
2016-12-21,0.903668798282969,3.201763403446288,0.5873888554595688
2016-12-22,0.9095188237191241,3.0042701403795182,0.04788247260220657
2016-12-23,1.7081019161834026,2.3897774626241794,0.6467410886393218
2016-12-24,8.779512520631377,5.461966602638193,0.3412363896758642
2016-12-25,0.7782445260196548,4.004329129422301,0.3642162579018431
2016-12-26,1.1233670391493467,5.880971375711187,0.23550642497483404
2016-12-27,1.463212705847855,3.6455011954737997,-0.538221340588724
2016-12-28,-0.8719179655925904,1.658451105054824,0.9056647423788707
2016-12-29,-0.8775261579364956,3.7478007996027145,-0.8319204161161249
2016-12-30,0.7397400870666597,7.674082736855789,0.29173526162759694
2016-12-31,0.6988017068542499,12.11003365962701,0.3860614837365927
2017-01-01,0.7130640631865276,1.8299852105869439,0.5163359735335368
2017-01-02,0.3170201428307373,1.6542001031937645,0.14018477929599518
2017-01-03,-0.9883493409385898,7.047474329297978,0.27031515975107206
2017-01-04,-0.656098574499403,6.416454910046608,-0.8470794732283433
2017-01-05,-0.6589644389161642,3.786459893215257,1.155860563329477
2017-01-06,0.624745441308527,12.68907513031586,0.3445457624398807
2017-01-07,0.6462377749471483,2.915507308203114,0.4690567101652171
2017-01-08,0.655712294330445,4.820019727391765,0.9124455532987086
2017-01-09,0.5793708788117702,6.190494372476557,-0.09280942312391008
2017-01-10,0.5748258970275872,2.528605481481851,0.015634662444249527
2017-01-11,0.5729985676072824,2.957692144223447,1.443332299400309
2017-01-12,0.5713689908330915,0.025022221173875828,1.6807872485911914
2017-01-13,0.332572350925989,1.8440986568237316,1.4884009599418215
2017-01-14,0.6546958129374881,2.8737303937545047,1.8653300181294834
2017-01-15,0.6608705275014106,2.957207550151141,1.509106939927897
2017-01-16,0.6114746800519891,1.89846979842577,2.0404413833862307
2017-01-17,-1.3243731096729257,1.2279987197334854,2.1325591626693154
2017-01-18,-0.43154341272675767,0.6295935476613586,13.254002937489116
2017-01-19,1.6902676069352038,2.479701706223538,14.38122326884333
2017-01-20,5.121816227215386,7.785784595151572,21.064705123218634
2017-01-21,0.7574579084658867,8.2456896233604,2.6518491340135397
2017-01-22,0.7808904860558638,2.5821695943336844,2.348360100810972
2017-01-23,0.3786351729074711,3.4493415619930996,0.3799614793884887
2017-01-24,1.849327434955831,3.36265668167158,-2.007051346484909
2017-01-25,1.2656533059538428,3.865027679085494,-2.096769387968727
2017-01-26,1.8705932707823472,7.785127697361611,0.9792352392813033
2017-01-27,0.9392331141380252,3.411318152387945,10.603829678773085
2017-01-28,0.8940728953630127,4.8416863769852165,2.8516461748893946
2017-01-29,0.9086603797560806,5.096717540809612,3.0907825431010205
2017-01-30,0.24022170903057694,7.91633736613465,4.7127383824357345
2017-01-31,1.0161441894653005,6.9410047880732595,3.811690711196524
2017-02-01,-0.05636805169288239,6.507965429185935,3.97325773604376
2017-02-02,1.0200594897864026,-0.9251980714666381,3.9522952673225418
2017-02-03,-0.12924465771709603,7.086168217856318,4.1637088943811165
2017-02-04,0.9083573976385547,8.173727250099383,3.960871663545732
2017-02-05,0.8967353566473198,3.837848809363247,3.4655638067755974
2017-02-06,0.9740693895019542,2.2654877960680526,31.813468584414945
2017-02-07,-0.4924377990058036,1.843609875249801,-1.360442624420161
2017-02-08,0.9192061659649857,5.0793952566330285,5.225419786604476
2017-02-09,0.1477739671840905,2.7883223489662905,5.990323453181983
2017-02-10,3.732797417129265,4.647699982852306,5.47857088056923
2017-02-11,0.7840174900617964,4.176108048902498,4.498588751334775
2017-02-12,0.7568572349127365,4.931709483780347,6.735743076850133
2017-02-13,0.7601138082517167,3.9001742830854664,5.270714685393273
2017-02-14,1.9322258100090997,4.721487281611267,9.448427976055845
2017-02-15,-0.955975493258023,-1.4603723325617088,-2.765897491289173
2017-02-16,4.265624029311019,4.441419067077715,1.2354567636081935
2017-02-17,0.6151797789133076,3.1628205796615614,4.597449525178849
2017-02-18,0.5944268976425983,1.4164400729659081,4.235130591267352
2017-02-19,0.5648960915131184,3.03779130429072,3.4924352415540167
2017-02-20,-0.46281519978927343,17.22844093676056,5.644849352926622
2017-02-21,0.44393199901952357,4.072209830815495,4.215091688469649
2017-02-22,0.15558924440541466,3.4823355859921774,5.5792277173769875
2017-02-23,0.3670513817156516,2.5967806502055866,3.4704583716430966
2017-02-24,0.32902624260428814,9.855575406918359,7.621244885364302
2017-02-25,0.4177496881065572,8.351816412580419,3.3696935600066737
2017-02-26,0.39868067896522347,3.5565411688355133,3.1927453495112763
2017-02-27,1.0648549365623965,0.7840486907255007,3.9451997626202537
2017-02-28,0.26378841087493843,3.6546044961387554,11.209600617624591
2017-03-01,0.26883009064270513,0.4839057789061054,2.267756990570522
2017-03-02,1.3626380571371697,1.810262903066025,2.615087231530987
2017-03-03,-0.5548782034169217,1.315924232653123,2.3670040395682204
2017-03-04,0.39101825889527897,2.8338513070776195,3.5624747576777867
2017-03-05,0.40631707908643633,0.10061824338189754,2.965630592660674
2017-03-06,2.4430300282775743,3.251808098543119,-2.076805961646131
2017-03-07,6.253775608826471,0.552541653197892,1.5954221383421932
2017-03-08,-0.5465773404234685,3.578902528251149,1.2425947572823026
2017-03-09,0.47009210690145875,8.209316289212854,2.0460731619436174
2017-03-10,-0.4589958366469214,2.2747798076002095,26.98688782451806
2017-03-11,0.4938100342016767,0.8770909559722957,2.434765763798655
2017-03-12,0.5337802345540348,4.144553148920228,2.87696026834251
2017-03-13,0.5953251332828395,3.5576331591863117,2.3566311608384796
2017-03-14,-1.4462274136604718,1.0275541482914403,11.82942392324263
2017-03-15,0.6261068497508614,2.2409778713707023,3.425211078090542
2017-03-16,3.552158798197612,3.5352240731888873,3.288998945767829
2017-03-17,0.6751239615244373,2.6046897555813793,3.777254949158661
2017-03-18,0.586421689492448,4.332027791148069,7.632412612729467
2017-03-19,0.708228228025756,3.3714032248141477,2.93636275864735
2017-03-20,0.6442567984147678,-1.888044704778361,3.2257024648996193
2017-03-21,0.6951315997214942,3.7917356438782677,3.2552535140845134
2017-03-22,2.9166244439000537,1.3744028303583562,9.200889953668558
2017-03-23,0.5794926183579362,1.6081541416429286,13.492082860718108
2017-03-24,7.916856525380968,6.374886423557515,8.615758937078821
2017-03-25,0.5676893789189226,2.517458074412485,2.8603798575805333
2017-03-26,5.532153261751953,2.8604933092401548,3.0115431125206267
2017-03-27,0.5451206363824846,4.396779914109495,22.126140367214784
2017-03-28,5.870367526509735,4.125439327866047,2.7997788183548074
2017-03-29,2.1201601971137394,4.3485874634715,7.417583591115748
2017-03-30,0.4876132225753526,3.291852301483412,8.084793430180085
2017-03-31,1.0568460851090773,1.9858857733193607,2.9157911449603446
2017-04-01,0.4365885892694704,3.3735442974507652,2.941217588340343
2017-04-02,3.409438164316209,1.402211543311434,2.9025999894414483
2017-04-03,3.3951547928050623,0.5247615998108733,10.254378141379483
2017-04-04,0.04301307445529434,0.46746272318599735,3.981780899722641
2017-04-05,0.3322423070607241,1.9678904749639332,3.2393750569746285
2017-04-06,0.3368121478430037,1.930818725970433,3.021223418299704
2017-04-07,0.303258484193404,0.5435346532431967,14.017925133560219
2017-04-08,0.31744191184714027,3.0827394219771076,2.4354978492805075
2017-04-09,0.29239480795669104,2.4203694645780978,2.581170792021245
2017-04-10,0.2860847725882646,14.323902855278241,2.294423096467994
2017-04-11,0.27986519390631504,1.9415373549833692,3.6785505493125847
2017-04-12,3.269733606245496,0.8807710928287608,0.7777643439290558
2017-04-13,0.2533817770283271,2.9186988416351687,-1.8603240668935563
2017-04-14,0.2424904176001116,2.935113883276475,1.8620064293488845
2017-04-15,0.23280852316853878,-0.3856545661226399,1.7143327711373972
2017-04-16,0.2159372736081169,0.9008393536565923,2.010859809931301
2017-04-17,1.2007143422514053,2.869945916218852,2.8429247661362957
2017-04-18,3.857530723803646,4.68173088268073,2.491548846429111
2017-04-19,0.1726183804004903,5.306396523082866,1.04968039107176
2017-04-20,3.171572714107578,2.1064764632309103,3.7639827007011086
2017-04-21,0.1454836959833737,4.445988079514971,3.609129271610723
2017-04-22,0.13057715348806506,1.8481222865425089,5.095724379389036
2017-04-23,0.11652021181157556,4.558037936274085,7.2334088657276565
2017-04-24,2.106976482681727,1.8523825297115846,4.122252102026071
2017-04-25,3.416673589917172,2.07907696251793,-1.4821430025755704
2017-04-26,0.08608849905290085,0.6144147573429904,3.015468261735302
2017-04-27,1.0858193375935934,0.7931796988082644,-1.6730186658127184
2017-04-28,0.05754358310301169,-0.5004814849126376,1.015060532403879
2017-04-29,0.04487333380505928,1.4208954942763685,0.6071679265810729
2017-04-30,0.03270431284503016,0.14136958674807268,0.42432531040245725
2017-05-01,-0.02518671050301551,7.604659024983635,-0.3577426183274385
2017-05-02,-0.028755065807836877,0.9345565630348784,-0.5337693110460604
2017-05-03,1.0305141272713338,0.9319336650120991,0.5566016683872125
2017-05-04,-0.022649258636316165,8.306805764077113,-1.237146274122266
2017-05-05,0.04266130113459389,3.095704502704473,0.5536675414461463
2017-05-06,0.05058530129962131,5.09245518354827,0.537308508558864
2017-05-07,0.06126109792902868,2.1689777650498936,0.6605458113815474
2017-05-08,0.014706883443923575,1.1343678579632097,0.2681937346328207
2017-05-09,-0.23410316464605796,-0.618425805337284,0.9365137143383875
2017-05-10,-0.11415180521524095,1.0487836803741157,0.4797683356088775
2017-05-11,0.06158118828033479,1.9091325946089404,0.8504039925134732
2017-05-12,0.11419010017167572,-0.5592820016135494,1.2637354797191063
2017-05-13,0.14273657916524143,-0.9564528952251363,0.606702805987606
2017-05-14,0.1586338836652098,0.36581479944774414,1.5525406843144167
2017-05-15,5.051887592252279,0.42649354539841855,0.6141438814814854
2017-05-16,-0.44987660595496043,1.545629280830092,-0.29398218329781267
2017-05-17,-0.31888684507090864,0.958211117806232,0.5026486405627307
2017-05-18,2.1307833769106583,0.007446038497356238,1.3313486105218637
2017-05-19,0.2292977055289178,0.7704893851804517,0.5212556403031302
2017-05-20,0.2583408882232447,1.4777267656845914,0.6265889558870205
2017-05-21,0.2776364308084642,0.4736792916581869,0.8352241405092965
2017-05-22,1.2190378327106268,1.565321120312787,0.6574728337706519
2017-05-23,0.3436502624128376,1.1714434006489445,1.880072241274061
2017-05-24,0.26063986260315697,0.7357873433659154,6.310982487928218
2017-05-25,1.2266245627960406,12.575855530226535,1.4060182289219938
2017-05-26,1.2785988789019727,5.230386679493831,4.84809537534202
2017-05-27,0.3753335902208412,7.866968224794939,0.5631362887013284
2017-05-28,0.3916490400007993,1.738388618455581,0.6071756270378323
2017-05-29,4.4946484518217,0.8177948603948004,0.3850096177385167
2017-05-30,4.382287866851918,-0.35331963601886196,4.894583887573532
2017-05-31,0.4736833139509842,0.31745809759945864,0.1453023037476431
2017-06-01,2.332575934585245,1.0591713622270436,-0.4179932797482322
2017-06-02,5.308458245863323,0.5264152186088679,13.781503773179969
2017-06-03,0.37081394879071783,1.3810901827118969,0.6071549693360133
2017-06-04,0.3466508126996496,1.0765895449891698,20.33682346415791
2017-06-05,0.3243313518563079,1.6870062026104535,-0.3340966770398796
2017-06-06,1.253011612285296,1.6646321987851715,-0.10843845919608408
2017-06-07,2.566457370571313,1.6209158990828558,2.3322926167262623
2017-06-08,0.21977746064859324,1.2846093887778884,0.578682044590062
2017-06-09,0.19318341618285662,0.9296956699092576,1.9743165759139285
2017-06-10,0.27464374399142,1.1882786072616294,3.0441332501136853
2017-06-11,0.27470713450081263,1.3419668116891252,1.8288942747317152
2017-06-12,0.1716259416740803,3.2190196810914538,3.8400153365743703
2017-06-13,0.18637868763891885,-3.6676168515894605,2.97103257947338
2017-06-14,3.696695297492934,1.9214494908639237,0.3940120809191858
2017-06-15,0.2862032549136989,1.5016343827675367,3.104040520478071
2017-06-16,2.319276488795672,2.0118519447916956,1.0446715822326709
2017-06-17,0.3462694314108512,1.9638708827432156,1.205981152833872
2017-06-18,0.3656570506385964,1.2120656769589593,1.7755567177856075
2017-06-19,1.0314760037454596,0.7076650621388207,2.608092139866031
2017-06-20,-1.9473562508369617,3.4654154438212013,4.1680632071492685
2017-06-21,0.40119613595681025,18.832457454751424,2.5321443069416856
2017-06-22,1.4662374717586788,4.711919737082756,-2.3983088957625647
2017-06-23,0.5094751890615404,4.681648875346154,-0.12120293023067372
2017-06-24,0.5175073356957755,4.454855996589077,7.451446820472166
2017-06-25,0.5501326199729923,6.173622960609427,2.347698562141503
2017-06-26,0.9465296062882042,4.358681409563921,7.825058500740592
2017-06-27,-1.033881186044829,-5.24005167476675,0.6045290041574278
2017-06-28,0.6907331402018224,5.125835838166912,1.3697177612830336
2017-06-29,0.6838224663901468,2.6438136615943235,1.9470169225452452
2017-06-30,0.7009444760334815,0.8881105988937577,2.2935689111236783
2017-07-01,0.7316035565417973,2.6492520675279545,1.4627331779397488
2017-07-02,0.7564446625064282,3.365935377923747,1.0083873510117471
2017-07-03,0.8790000261810358,3.7877583347823442,0.2630211954322449
2017-07-04,0.8798065185725514,2.533348611398794,0.7509353846741204
2017-07-05,0.939452238534373,1.6241380613163972,1.315828384627825
2017-07-06,0.8030000355697549,2.3906424294259407,16.63084121784564
2017-07-07,1.7428356663483822,4.365195780491021,5.858792251530751
2017-07-08,0.7342048870201883,2.3191126830591706,1.2017697061397064
2017-07-09,0.724240546545738,1.7019719129670645,5.626728748864943
2017-07-10,0.02270277951527533,1.9050528909964815,2.710639655747138
2017-07-11,4.02055657535166,4.90844644244876,27.28344621742468
2017-07-12,1.1138676421189968,8.40949131017784,5.155301046677824
2017-07-13,0.6872716771603177,3.030221859963679,0.4683442577877366
2017-07-14,0.6679601091816229,2.7600719929389523,2.0682784726151904
2017-07-15,0.6516162135669377,1.380376961382676,0.9904760711884307
2017-07-16,0.6402680866791758,14.63348560179245,0.17350600417208828
2017-07-17,1.1919792259432487,1.0170239128219742,-0.21438988184594185
2017-07-18,-2.6839736020886233,1.3197020502277432,0.9986192202378208
2017-07-19,2.8544171679268038,1.994303336444367,-0.06241714898972048
2017-07-20,2.540107476290274,1.7593913728534654,1.1114106256537417
2017-07-21,1.4833493035996161,-0.7944086313952199,-0.34898814621248986
2017-07-22,0.4389618559475414,2.5136178801361675,0.615608371522077
2017-07-23,0.4071473399003311,1.2933065745469954,1.7274810934276121
2017-07-24,0.2779599096802654,3.076913318109847,1.0264033217160655
2017-07-25,0.25898279619990894,-2.467643552909179,4.853666480518877
2017-07-26,0.2776037268413023,1.2138449490290966,1.8180161193517248
2017-07-27,0.393920519562436,1.6170762417147668,0.08510282820600926
2017-07-28,0.4137080109703222,3.076897053689904,0.20863236227083384
2017-07-29,0.44429957989237334,3.1694035668883007,0.24481959221200858
2017-07-30,0.4724263765174507,2.8649800295054897,0.666248935054522
2017-07-31,0.48393167725506847,0.9018987663073667,0.16389908592122207
2017-08-01,0.5301838104160277,0.5666532778043452,0.02346954958700201
2017-08-02,-0.20000750386401744,1.268428330488105,-0.4390724983331515
2017-08-03,0.5089439352836919,0.19759113636298684,0.0315386555504362
2017-08-04,3.4863426405703635,1.9526284544736123,0.3578358456866382
2017-08-05,0.5025107576747316,0.13948346064155767,1.0323852375047855
2017-08-06,0.4946340823788585,0.8657680923593872,-0.13963891085391147
2017-08-07,0.4932877384805598,0.5286740026190391,0.19902091847662678
2017-08-08,1.5771507806957037,3.2373654922850603,0.006918393823589138
2017-08-09,3.110963528277611,6.050644328787051,0.5359150328833013
2017-08-10,3.462625679037861,1.7713626850808577,0.9823815473560551
2017-08-11,0.4483864556838347,0.649050752229436,0.24234948634087977
2017-08-12,0.4573964011370673,0.18765471511061757,0.07727360140961391
2017-08-13,0.45164144983021876,1.039728296980111,0.12279798621771179
2017-08-14,0.4455574321234817,0.5389489919923997,0.21764502503552682
2017-08-15,-2.5627510565142786,0.7991787966010675,0.718313468600122
2017-08-16,0.440315627142549,21.915322574380713,0.5638744379968914
2017-08-17,0.43302968721272217,5.662546030883709,-0.032497375746857196
2017-08-18,0.43168436993214027,7.180424301976353,0.23296040082446506
2017-08-19,0.4287029570136906,3.184723699463967,5.329775645396839
2017-08-20,0.42658314706989414,1.2762955203410846,0.19620430139502176
2017-08-21,0.42579457108326296,2.4324487983276826,0.15607233663510608
2017-08-22,0.43255889160872263,0.4803683757663852,-0.7686835382706492
2017-08-23,1.4047758689251062,0.7428621116868076,-0.4438352632296715
2017-08-24,0.40170650685318304,-0.4219957117904467,0.18445986179129792
2017-08-25,0.38605841967860643,-0.5124153156500653,0.3182111777230561
2017-08-26,0.3728451595259364,-0.11976981585849958,14.552264149764909
2017-08-27,0.3608100780352863,1.5030784174312046,0.26838648916783936
2017-08-28,0.3555673481347445,1.6050103895659262,0.10651760552105152
2017-08-29,-1.9803834167333316,0.5257228536772798,0.979374865679379
2017-08-30,1.3255948106089308,1.6385209474208264,0.8798472702332998
2017-08-31,0.3233813019256588,1.7706313632909803,-0.4775728115550363
2017-09-01,0.32049334870033236,3.454475644939496,0.4466556052782627
2017-09-02,0.3134727534125387,1.666442829879182,0.6940759414629301
2017-09-03,0.30716919124495673,1.6142368977900108,11.581495680317737
2017-09-04,-0.05247676872812676,2.387364624543395,1.2565147899512061
2017-09-05,0.6289310600039888,3.445321887884193,9.84698444446006
2017-09-06,0.265432913963619,1.5523109935784851,31.98312938377054
2017-09-07,0.28254545213531024,3.919177362041243,5.539885615894638
2017-09-08,0.2589949568940238,2.1783889014303415,0.48930568139222164
2017-09-09,0.2595362864893518,6.685469863228851,5.1161257701186695
2017-09-10,0.2532576422170028,2.8106474361905356,0.9886902569796298
2017-09-11,2.6515268929847746,2.863599351869111,0.5477187440123963
2017-09-12,0.21806942324780942,8.23752484503911,0.8888803077531853
2017-09-13,4.25262052641431,12.034457593566747,-0.031234554039499852
2017-09-14,3.2579739524337197,0.8077031394426912,1.045975930866475
2017-09-15,0.2606045827572107,2.3746867957796614,1.3590784258495763
2017-09-16,0.2677332467808174,1.5284024672654513,1.4836764484106686
2017-09-17,0.27492038304774574,1.9740791702989737,1.3833513932003976
2017-09-18,0.26429105922342655,2.8403568553792353,5.512991542952481
2017-09-19,-0.7157013311240695,0.8130589236842156,2.367922433501918
2017-09-20,0.29072538234305406,2.1136810283121537,2.801647622082708
2017-09-21,0.2789937759724661,1.839606569944605,-4.622478201108753
2017-09-22,3.2980638527768438,7.817182435480407,2.140600763376456
2017-09-23,0.29985171086655044,1.9545724877149435,1.9738778043418097
2017-09-24,0.3068619369135662,2.144895054127827,2.1430085629530113
2017-09-25,0.3103090620671576,0.10911367294413077,11.43867556035103
2017-09-26,-0.669414287303898,2.218086870711904,0.062372353084439
2017-09-27,0.33127939106735255,2.0791177608422062,1.4286710156998896
2017-09-28,-0.011482277913477286,3.9692935961796536,-3.4404467367087603
2017-09-29,0.34734822972912677,3.370501141441879,1.9182473341457895
2017-09-30,0.3524176508679738,3.592308085253686,2.741083445522859
2017-10-01,0.35955361299341065,2.1999471253759584,3.097343971498008
2017-10-02,2.340142628452515,9.010262062895048,3.2621127213770493
2017-10-03,0.39259270140403624,4.483300572244447,-1.4236464870092886
2017-10-04,4.3430044707778155,4.812450073090794,6.400579794198687
2017-10-05,2.70241737836936,2.1891588358242684,4.183095790343928
2017-10-06,0.38461988129040187,1.9299403177477963,9.63208722401571
2017-10-07,0.3775886300858841,0.611753359288468,4.664289725457673
2017-10-08,0.3769435170789314,3.0914607055043866,5.4019837950962515
2017-10-09,1.3618423645086528,2.6849364236216706,4.593552290426333
2017-10-10,1.6886243064007234,3.514574113353398,5.8972097671335195
2017-10-11,4.341057198790586,1.7133676558050144,5.694787358051048
2017-10-12,0.40391668122121716,2.702226852296951,7.6385537098911716
2017-10-13,0.36539485774541475,2.0277405750769457,6.443180953270996
2017-10-14,0.3599813107198647,2.3595663007297167,6.933027106989315
2017-10-15,0.3513486199611331,1.71384561420193,5.708207251691849
2017-10-16,0.3692450092330378,3.5190367092539683,15.559358264015199
2017-10-17,0.9237625340101249,0.12438101094939236,-0.2710753167837594
2017-10-18,0.3291655603028219,1.8379182214376582,1.9660422926769203
2017-10-19,-0.6954231147615452,0.5930762899492629,-2.8891867699262033
2017-10-20,0.28955096917976963,1.9715750053100047,17.834841350391756
2017-10-21,0.2759042594976232,1.631321233501622,5.826443846119265
2017-10-22,0.2616379674166959,1.5416997606080358,6.165065126223775
2017-10-23,-0.40108279052737195,0.38096973898854425,9.244685857081933
2017-10-24,0.22051839300415066,2.0655422643902694,8.959150824499506
2017-10-25,0.22651014473370626,-0.5018044811942486,34.44092238186079
2017-10-26,0.2178223317566751,-0.15715759554497535,8.628935139995763
2017-10-27,0.21256722973530892,1.0388900960090355,10.967611710536609
2017-10-28,0.20628152722807414,0.9607234219195486,6.245450635820078
2017-10-29,0.19968195370342956,1.4911964885547961,5.663056917388763
2017-10-30,-0.16812522654400747,1.2524907106610081,4.648870727790909
2017-10-31,0.17920687176500766,0.4625600431018452,6.050593636224523
2017-11-01,0.1795995525072661,4.540798096729408,6.097267735022914
2017-11-02,-0.8287243658687528,4.102738411627433,9.772191099869682
2017-11-03,0.16603903535723663,2.1631284688210477,6.1182594262541725
2017-11-04,0.15073709289761777,2.70927277476447,5.600686597996506
2017-11-05,0.1548463155455913,1.3254237955586086,7.859538943751488
2017-11-06,0.1240659726339037,1.712179200201518,7.95514783595041
2017-11-07,0.13966183885187128,2.816917613776849,16.137209595963125
2017-11-08,0.14707444043085613,2.8656342274919275,5.710383964457803
2017-11-09,0.14278767244961443,2.3108515801930607,5.453952682486714
2017-11-10,0.1472040601555244,1.0360054236948248,5.548516619335818
2017-11-11,0.14483682037966564,2.6071138631026187,7.490632053471015
2017-11-12,0.15024999932774522,3.3507176229997873,3.9755881881561983
2017-11-13,0.133377081525608,2.9008628378384307,2.409680528257277
2017-11-14,0.13599346485695887,1.7386666608339452,19.142674769074695
2017-11-15,0.16479681020376977,0.48911394331303226,7.833421426742058
2017-11-16,0.16596520158548234,1.2237126458054024,3.4875853327397355
2017-11-17,0.18371368307000735,3.879577687511901,3.6302139771076076
2017-11-18,1.1856173225436,0.3162234614109334,3.6217822998343774
2017-11-19,0.194964751658615,1.2024616132537294,3.697449557914081
2017-11-20,3.803865329673161,0.828231184407632,11.11241933008856
2017-11-21,3.1850490555537974,0.34679765415915814,3.4514042898734925
2017-11-22,0.21097038073852037,1.0970305361541561,-1.478021004793209
2017-11-23,1.2244455171626076,3.9861945770197664,-1.7942506332632808
2017-11-24,0.2130427939094413,0.49835647049839493,3.696847351513102
2017-11-25,0.21263365724472602,2.3052621745042163,5.157689968327871
2017-11-26,0.20974800173883743,1.1835573656943965,4.396106810615134
2017-11-27,-0.4778142633440725,1.5990490431059534,4.3161443390782805
2017-11-28,3.179807758512514,4.048234936179025,5.810978833146684
2017-11-29,0.20104313996253081,2.8072508856218463,3.940911108567849
2017-11-30,-0.3298417233350872,-0.6848664741494297,8.132527272679607
2017-12-01,1.1867212034008467,3.7228301784784787,2.987830332701648
2017-12-02,0.19193354055509887,4.937869373954488,3.1320894136959
2017-12-03,0.18111138127964008,3.5310272853504587,4.238259373382505
2017-12-04,0.17497275430358106,2.1598485628094966,4.461335778377005
2017-12-05,0.16424152358018954,0.5710800184549218,3.736285859335031
2017-12-06,0.16012375890267888,-1.3864983745011814,4.1728881137280665
2017-12-07,2.1322930154035524,0.8036534383329244,5.064969806382344
2017-12-08,0.14703732911523643,0.8724030836356023,4.9153655059993815
2017-12-09,0.1471322053771539,0.8777574968738338,6.628223288362536
2017-12-10,0.14570390348046458,1.5757038382772386,6.700714692646693
2017-12-11,1.1482077994102224,3.0745017829193153,7.775259544014903
2017-12-12,0.14009909683057678,3.555689352315144,0.6288905737892199
2017-12-13,1.143331103032303,3.5826118530775157,-8.524895617854105
2017-12-14,0.14612898881787503,3.8603087889415617,2.127281049982959
2017-12-15,0.14408225745390804,11.966986876913934,10.408537234409113
2017-12-16,0.14246907015267227,1.780982215655488,10.41546806483948
2017-12-17,0.1411703541837576,1.1410441632178252,20.410579656491812
2017-12-18,0.15131809511833705,18.390994487384408,11.847466067111526
2017-12-19,1.1236831794945743,2.7766388264758923,-0.23861518461874917
2017-12-20,0.1306864413276519,4.8822639751686605,9.417095900937795
2017-12-21,1.1174890096324162,7.083242327172703,21.162850025009796
2017-12-22,0.11713777238657894,1.9624691110739123,25.793754903691394
2017-12-23,0.11060521526806052,0.8412375990381821,6.246313088841676
2017-12-24,0.10391485533053571,1.409499715812975,6.1740689353708795
2017-12-25,2.4345753098547838,0.768159105570217,11.557426360513897
2017-12-26,3.081126515259142,0.5542096103653898,11.621305012593675
2017-12-27,0.08760787190092718,-0.11635622575111304,11.023894735563353
2017-12-28,2.0670412128580975,0.15366555324863598,10.168242548695636
2017-12-29,1.0741507820670437,0.7436842479817101,9.247596849348184
2017-12-30,0.06790116295441298,2.267461104073062,7.790129219218193
2017-12-31,0.062204414528673195,3.63189753707897,7.444113320896407
2018-01-01,-0.3239909979291262,0.843754581340887,4.858463310114907
2018-01-02,0.030189994400379595,9.296917259958791,1.5726223776656014
2018-01-03,0.04491905794331068,2.688987613375532,-11.177958724590622
2018-01-04,0.004632838213834967,10.189633390583609,-2.324005487530167
2018-01-05,0.027024223380501262,4.004533739815916,16.826281032795123
2018-01-06,0.025717816898892368,1.5291552916713878,6.678199145217681
2018-01-07,0.020833313929208883,0.925016614478668,6.8753610411781665
2018-01-08,-0.04701723571707339,3.5236231063570096,6.631480944794936
2018-01-09,0.008852884964017621,1.7882493443652003,7.017252362888787
2018-01-10,0.01844528844475376,2.5388452343345884,-7.397417598813716
2018-01-11,1.9682862251794202,3.085542165150563,26.839275928215255
2018-01-12,0.018011992581587595,0.7107736535121395,16.145406784523324
2018-01-13,0.047700208217615794,4.351799895472539,20.8364384386459
2018-01-14,0.06404883328007249,2.9697192049055428,22.020834118264816
2018-01-15,0.06460781280446923,2.3035507617646713,19.947191447480083
2018-01-16,1.108320489174383,1.538659000481415,3.513076401920866
2018-01-17,0.11470218096224963,1.055540582799914,8.590980467680353
2018-01-18,-0.828100240968489,14.20130591118741,8.773366480444839
2018-01-19,0.15384720993595655,24.54848418591584,8.113467495576831
2018-01-20,0.17177811515785457,0.34420292487605986,2.376502121629692
2018-01-21,0.19068401003006583,2.525737808782783,15.66010058523163
2018-01-22,0.2076244969050828,0.45215269960670196,4.640044265206526
2018-01-23,0.24265884167699092,0.25352444576178884,-0.4366673404067421
2018-01-24,0.2591082699600449,0.27512155926707405,-1.9839074777610115
2018-01-25,-1.6355470884943624,0.34487674555927195,-4.456627247644018
2018-01-26,0.280327700671308,2.4558278663265116,1.8069645951403228
2018-01-27,0.2930118948705897,1.6521201726891714,1.8824729989348479
2018-01-28,0.30410501960089836,0.047786948360605624,1.3876733885437174
2018-01-29,2.30797101783603,9.911657371875977,14.363687288250869
2018-01-30,3.342669645956897,3.0193189961768905,0.7547789379310879
2018-01-31,-0.02438414006737738,2.2526774918686874,-1.8832434863215255
2018-02-01,0.33501923550508184,7.0931061953310195,-1.3488455420122176
2018-02-02,0.36056092619228847,1.829340654033365,0.32246387858392406
2018-02-03,0.3710870026048312,0.7541128319004609,0.30724958063908897
2018-02-04,0.38548353763508725,0.6279819475891446,0.5233022989268735
2018-02-05,0.38026702801999396,2.4990132505276392,1.7073339611282734
2018-02-06,1.4379625948108798,1.1604932749478007,4.2339829096090424
2018-02-07,0.7918047384146139,2.320665950670491,7.453961105207496
2018-02-08,2.108603943891638,2.417477752179576,14.619670297389593
2018-02-09,1.479056181529639,0.3161542482745601,2.1269477288439402
2018-02-10,0.4983677886460821,3.631215603964136,0.5942014408385197
2018-02-11,0.5180348023672221,5.9181413213652885,0.7359332499764284
2018-02-12,0.1626413126389188,3.8209930579553224,0.8352313628337519
2018-02-13,0.5906758188745469,6.1559249162295115,1.4617532856411692
2018-02-14,0.6141551640921161,3.6815810443885693,1.0554356485341247
2018-02-15,2.925170229874685,5.413539449328724,-0.4332095179741183
2018-02-16,0.6126277438846722,12.59588224052081,0.25283325166341286
2018-02-17,0.6208355693588864,2.253914475837883,0.9325158636904722
2018-02-18,0.6333975102124584,0.9641059978726966,0.96114544724246
2018-02-19,-0.04550574215867135,8.018293157440826,0.9969172156542907
2018-02-20,2.6495405401281493,0.7321560229921171,1.1080110518498485
2018-02-21,3.666908263735391,1.374428477981206,1.5946230911886772
2018-02-22,0.7310065538757846,-0.25410629803538165,2.0792924090619005
2018-02-23,0.6797356274480779,2.66854779132602,0.024378749924627262
2018-02-24,0.6499145415840804,0.877211881153116,0.8741997125975663
2018-02-25,0.6373448817594274,1.30102068047201,0.7263304246369162
2018-02-26,0.6805940012845022,11.643113683302076,8.117198584319215
2018-02-27,0.6072264306474888,1.620151150438073,1.6829923955714725
2018-02-28,0.6351736845439944,0.7768606986682862,0.2462637570394529
2018-03-01,1.5908740285512246,-0.5932800676486658,4.796042918080798
2018-03-02,0.5724258795711918,0.980448632415968,2.832236098088948
2018-03-03,0.559147141450789,4.047812328355231,0.5431330502711756
2018-03-04,0.5390980580432441,1.628981572874843,0.22018305569377863
2018-03-05,1.0282283966634083,1.033512916045414,5.110095955124653
2018-03-06,0.503941126396103,0.3663034277486549,-0.803907451697646
2018-03-07,0.8677823156095915,1.0896686083980633,5.6547295149317796
2018-03-08,-0.5386976320145331,2.93867773122414,2.027860214260059
2018-03-09,0.47578840467184913,-0.10531845458866496,11.37707335513507
2018-03-10,0.4846978953472242,1.2811051519181413,1.0231435245432439
2018-03-11,0.47331652173804534,1.8004558439348466,2.895477109454675
2018-03-12,0.3970561868929583,2.898745531493643,1.2751887365598653
2018-03-13,0.11942063732968419,2.9871150024242157,1.796584041280197
2018-03-14,0.0906439773716754,3.322185635419685,0.8012986002366814
2018-03-15,0.3388203334674158,4.900239417900946,-0.3834615275580644
2018-03-16,0.41444460615910617,3.7229519013005588,0.06103885411916021
2018-03-17,7.447675943852033,1.7980134179975482,1.7952097496619408
2018-03-18,1.4497409720083647,1.761069102796388,0.8507451093584186
2018-03-19,3.1074742930008736,3.286513903303136,0.5019056378984401
2018-03-20,2.8160141742733877,9.715937535953936,0.21932843779974864
2018-03-21,0.40275025052187535,2.2723917791224064,0.5474569273797387
2018-03-22,7.444301287162784,2.6486257834577396,0.13156623795307384
2018-03-23,0.4625358188936921,4.601823875515949,0.8341245252392373
2018-03-24,0.4992062776935359,5.2794458936302675,0.9323383902130744
2018-03-25,0.5130018015936193,4.404092978519423,0.2795120655073899
2018-03-26,-2.1192784695643785,4.038288378752712,1.5505007185261217
2018-03-27,0.5424009310927447,0.8964748960028678,0.6591756318859847
2018-03-28,0.5436996375803864,3.122940199193387,10.285079434474381
2018-03-29,0.5472381840860693,1.722129676358608,1.6156954271090718
2018-03-30,0.5688235074643611,2.152230107733741,-0.5523079100344601
2018-03-31,0.6004953748644107,1.2751813690694174,0.5822567556157452
2018-04-01,0.6146173376415321,2.058425251948015,0.9718563585981593
2018-04-02,0.6867750862802029,0.9570216582265225,10.913211394512915
2018-04-03,2.112437433285929,4.134696658700902,0.8516647932050206
2018-04-04,0.6438553200843328,3.316143652461352,7.816963176614026
2018-04-05,2.5851227096695113,3.081374691827086,16.209495056089004
2018-04-06,0.584119890547035,-0.6602578350597679,0.5666963283994946
2018-04-07,0.5742874064355554,3.078048708144533,1.515532938452684
2018-04-08,0.5610852455290699,7.9683632126636645,1.6336127320811231
2018-04-09,-1.4719856926472021,6.414528648727603,1.5972665531488948
2018-04-10,0.5976082745621367,4.866776257641837,9.249186691691245
2018-04-11,0.6020162565291384,9.783093429859758,2.5770117398543357
2018-04-12,0.4510897223115408,1.9178712031656604,1.6303324453468375
2018-04-13,0.43978535171490735,1.1651725178261434,2.7215988544571594
2018-04-14,0.4055157160235882,1.2276554202784178,2.044698789911694
2018-04-15,0.3723429560891333,0.7359601354507743,1.673385276382018
2018-04-16,-0.7082231227103545,1.8392462445233595,1.6243448131395533
2018-04-17,-0.977278842009261,2.9244871146911797,1.5331880047755528
2018-04-18,2.317470364156976,2.0797663815100584,1.3774067227476967
2018-04-19,0.23737788484864195,4.662746953954652,15.090292997693131
2018-04-20,0.20426012018646353,4.367668007953888,8.843444532212029
2018-04-21,0.17057460681440817,5.557325084723213,1.3024335118568209
2018-04-22,0.14279526485250246,3.214828019011566,5.0066242847471605
2018-04-23,0.04937940206171239,2.539516557683335,4.021512630909553
2018-04-24,2.460506280592846,1.8285401849050233,9.807282898651337
2018-04-25,1.137050182193137,1.6255404551453965,1.2121718830442128
2018-04-26,0.08138609647208918,0.18858238810042172,3.3278895916611955
2018-04-27,0.07438828800964652,-3.0823839064386545,-2.475675213320217
2018-04-28,0.06881435371106824,3.8526817910907285,2.674428865511425
2018-04-29,0.06660870288130999,3.574527762135584,1.5054326742647244
2018-04-30,-0.2463984352155707,3.1360192620302088,0.4501075302380743
2018-05-01,0.0013322122108356468,2.4175495643451197,2.3496062550594115
2018-05-02,0.005938534742026193,4.5462717798578645,0.5052402000661121
2018-05-03,0.06892707929860327,5.124883296615565,-0.048437201316720996
2018-05-04,0.0718654396923359,3.962886236322878,0.17872524418870717
2018-05-05,0.07667937625655429,-0.48060174671837247,-0.028335725970005166
2018-05-06,0.08292027394841246,3.5440580619937667,0.1967143000726057
2018-05-07,0.49527701318512873,1.2544113585289054,4.025169643943432
2018-05-08,1.0905064297561247,9.091263556035251,-0.9709482048410492
2018-05-09,0.09115876814549424,3.098341972994538,0.4394942387209591
2018-05-10,0.11932996636468919,-0.31776162762055177,7.2311513634684745
2018-05-11,0.132242334580573,-0.4899128081748563,5.301714807480255
2018-05-12,0.14792963536073367,0.23295729608042015,0.9724861254772257
2018-05-13,0.1628463754660049,-0.40356388362394335,0.34525469789223867
2018-05-14,0.18843122012361502,2.2973401214415103,0.4011935606007686
2018-05-15,0.19514699248743866,1.20058281554887,0.1832149935427666
2018-05-16,-0.201491904265692,0.13025284292082936,0.15903166149599904
2018-05-17,0.19760999171792326,2.335337846974102,0.295962819980994
2018-05-18,0.21212338066244293,3.6522993678294,0.4677124302251844
2018-05-19,0.21082313678805764,2.238606837089729,0.07148260499027922
2018-05-20,0.21499172525958793,1.7801570676351128,0.5183734668288601
2018-05-21,0.2439541138692266,0.9863070225694001,9.737435706730148
2018-05-22,0.2436645437341686,2.0173450043898438,1.1278633883586593
2018-05-23,2.5739076663550424,2.6068784551090234,-0.3827540089864586
2018-05-24,1.2263755618067231,2.168393668866697,0.0925453858611606
2018-05-25,0.21517823313036816,1.701159619143732,0.7090748988497632
2018-05-26,0.22374753148282456,3.1083185515114597,0.1295382520292874
2018-05-27,0.22357032070908167,5.198723934707318,0.5774308665268542
2018-05-28,-0.43021049764228525,1.706577947965383,6.013467183521388
2018-05-29,2.1931703960829334,1.884117030154054,1.061876326306716
2018-05-30,0.25479423323145356,0.3724218562072983,2.2277937793804714
2018-05-31,0.254998066551883,2.5091440509050744,3.1025825394446214
2018-06-01,3.209107256175219,0.4280169022788744,0.7762223951880756
2018-06-02,0.21146525779867134,0.1805367632036191,2.0855725186660776
2018-06-03,0.20458067123084664,0.5048104746184315,17.502670205919554
2018-06-04,1.7924945621784352,2.5182768497113077,1.3672669332964429
2018-06-05,4.1633971694759495,2.1270331652924233,1.1780991546328825
2018-06-06,0.19558880327781858,5.144075657061735,2.1783440489738837
2018-06-07,4.181670466503619,0.8199741805321279,0.08542772790885483
2018-06-08,0.15084753390591193,0.2789952848261025,0.6531011392956942
2018-06-09,0.13909848589989326,2.538923051370225,5.092881713533919
2018-06-10,0.122930948078647,1.167323355499719,0.4503873368650727
2018-06-11,0.09251481453788908,1.386154246599845,-0.05908613466746284
2018-06-12,0.08060498494903572,2.1314436781780204,3.485497339826586
2018-06-13,2.4855683806117814,0.7651405425297728,-0.5087067226714096
2018-06-14,1.0934595967345389,-0.16913278485028374,0.34019991552963236
2018-06-15,3.082806369493447,2.575049465727017,0.097074322215558
2018-06-16,0.0730301898816647,0.7285469415926495,0.22573828278438018
2018-06-17,0.06691111817235383,1.330409728710089,0.42215179666906955
2018-06-18,0.04542978625995767,0.45032004841320067,4.456543512905242
2018-06-19,0.0404335441250835,1.765488819154968,0.8298268647625935
2018-06-20,-0.3017528160010576,2.0874356195642085,-0.11307135241859176
2018-06-21,0.017110066458829266,4.479007211187099,0.1832782420757943
2018-06-22,0.04499625474656521,0.6404925755702584,3.776976984571749
2018-06-23,0.038436236283997234,12.881035931980422,0.4718527307107174
2018-06-24,0.0342060334380556,14.369506411037591,0.5195507301280434
2018-06-25,0.03412160487944963,1.6714683810832103,4.149294522216669
2018-06-26,-0.020042556745877092,-0.4717408796686566,0.20276893744045774
2018-06-27,-0.011488345370482326,7.199573661735516,1.0059743504776562
2018-06-28,-0.0019002158647389508,-1.551216999886248,4.942803555736351
2018-06-29,0.04649265609896529,2.363424264822991,1.7430139555074096
2018-06-30,0.07253512452316896,1.075686033003873,0.590638287951213
2018-07-01,0.08548702468087349,1.4473446015586338,0.5986446592264462
2018-07-02,4.102415854656948,1.8068653715294136,0.5505061318028432
2018-07-03,1.3599592988867593,2.1014947821431895,0.4788888161349324
2018-07-04,0.1152814366939756,-0.14680530613830634,1.0191156120710223
2018-07-05,3.1194448697261365,3.486120129007709,0.6716067043099045
2018-07-06,0.147599949270225,0.966052045716534,-0.15873550089119248
2018-07-07,0.16177855790330925,2.2273455532698145,0.49784918269127276
2018-07-08,0.18771139394575512,1.652639031027804,0.46703898945514083
2018-07-09,0.17859204956627428,0.9207957730310833,0.3604365709368085
2018-07-10,-1.1185147432693974,1.2792888479771398,0.4086714310115071
2018-07-11,1.1655629815958812,2.313857975040691,0.04127613588085326
2018-07-12,3.201191995255465,10.741573631098538,0.273861532963271
2018-07-13,0.24150360160076229,0.24211698143894766,-0.11199052932262601
2018-07-14,0.25380166577067337,1.7751268006663086,0.4084043536423577
2018-07-15,0.2583662920858736,2.081538687042698,0.4225644057123849
2018-07-16,3.256395454947577,7.967308551856982,0.06920869311559882
2018-07-17,0.3384928391813926,2.077364170556199,0.3810536603316304
2018-07-18,1.2105025387693802,3.4719660475552234,0.40907680762730503
2018-07-19,0.321857146512385,2.6294610189743737,-0.852922014189049
2018-07-20,0.24488119397407523,4.71947303134757,-0.7040438019063087
2018-07-21,0.2324823193476858,1.9333498636201587,0.6455904316121313
2018-07-22,1.2017881665315542,2.2917687605958164,0.6083732748825188
2018-07-23,0.1968962169452391,3.0818560048241337,4.831693647560719
2018-07-24,2.8685458142389804,1.2527015444774892,0.8665235433889198
2018-07-25,0.19430318721478232,3.7749449163862776,0.8942459343100133
2018-07-26,0.17876054254066545,7.670861050596381,-3.2107916089243034
2018-07-27,0.1543520634245179,-2.6621079130274823,1.2664220632382766
2018-07-28,0.1417772658909062,1.5731266987542483,1.173346421675276
2018-07-29,0.11854744141048497,2.2388376823385743,1.0590845663253103
2018-07-30,0.1251973340562979,8.039190353605111,9.711236558006556
2018-07-31,2.348746082624333,4.5688225033536956,5.59766134701471
2018-08-01,0.08354996634156792,1.6819740360177442,0.34874458621178783
2018-08-02,1.0988522408956565,1.143541223819715,3.5607130760567616
2018-08-03,0.06350808065654455,2.402528498197552,1.9451739365575031
2018-08-04,0.041860927617942634,3.8823606262489383,1.727881456670357
2018-08-05,0.01976111938684553,1.9516810999484835,2.641322518511337
2018-08-06,2.0311294074648987,0.9723737554980447,2.515912982564083
2018-08-07,-0.03353018334725183,2.200430302176086,2.2122369052773116
2018-08-08,0.0006726832238958952,0.4301136558241293,8.248277539372433
2018-08-09,2.025684821855482,2.4345806825970477,2.8005151409730713
2018-08-10,5.001354999889555,1.0922863153823554,-2.493864872604098
2018-08-11,-0.005158291453760427,0.1150945997309091,2.9810901668633605
2018-08-12,-0.004984288008750146,1.5880881636757223,3.02945610324592
2018-08-13,0.005186731783456463,1.627187888262803,2.8668591976564897
2018-08-14,-0.013017333089471596,1.5468726263421413,3.3358781775895583
2018-08-15,-0.006035213750275162,1.4898763300505926,3.4538322104313424
2018-08-16,-0.011184652293830357,1.1539711589512214,9.467295846872197
2018-08-17,0.006102479248130216,2.018528924312884,7.8302794476806525
2018-08-18,-0.0026445372256094007,4.199227319165024,4.205316222975357
2018-08-19,-0.002313608063128812,1.467198170889578,3.4518225782492005
2018-08-20,-0.00591326221127623,1.8556943289998213,14.962211820352714
2018-08-21,0.0018047596660800387,-1.3052547699419743,9.148221443986467
2018-08-22,-0.007993761353357607,1.0163471107942417,-3.0188340539683027
2018-08-23,0.0006244738843095175,0.9795641413272271,-3.6936538828800543
2018-08-24,1.0013236735972353,6.092401163074694,2.948648244926648
2018-08-25,-0.0006433673116138534,0.4866968055131515,2.1970948504020607
2018-08-26,0.00022100117927484515,7.443975932967939,2.7522811951988744
2018-08-27,-0.014474245931078857,0.5012172701767788,2.9308966114460406
2018-08-28,3.009599315894245,1.3143406939162772,2.9417265477220447
2018-08-29,0.981024657406288,1.5916629015126562,11.49460179428948
2018-08-30,1.007953342105078,0.6274513217901159,3.0134456823822346
2018-08-31,0.01784320700320109,1.116807040544233,2.8689264661805574
2018-09-01,0.025613208127028664,0.776930570954647,8.02774765583459
2018-09-02,0.034750744668234905,1.4172130988225968,2.825168957113486
2018-09-03,4.073471015919241,3.8802165461045304,6.937688880486202
2018-09-04,0.046533426565229165,1.3975023130259832,6.615673393329147
2018-09-05,-0.38064115865705284,1.5607509801905985,3.1247343816007724
2018-09-06,0.04396634084250498,2.2504755771314517,3.2414872276163558
2018-09-07,0.08042265157720813,0.8750863114867616,0.7019537749375615
2018-09-08,0.10679931955738067,0.5990647112545605,2.611889624201165
2018-09-09,0.12293956086325494,1.2494818468947293,2.2139245804289027
2018-09-10,3.1629754145319118,0.389939294869892,9.01826825997482
2018-09-11,0.13726234351832126,3.316671748991082,22.903924267261438
2018-09-12,-0.7308606116537104,1.8795974415099614,10.112143848242322
2018-09-13,-0.21693707278640703,0.49180771183021554,0.7524727267524942
2018-09-14,0.19396303084137392,0.9616165141170955,0.5250353282277017
2018-09-15,0.20384259758459686,3.7960496287361885,1.0441277346831144
2018-09-16,0.21368361971760338,0.3239849935483198,6.694993062728111
2018-09-17,0.24779706417039923,0.4952760471417665,1.3933942879672492
2018-09-18,0.19781517409713564,2.3258466592289366,-0.36485507466775535
2018-09-19,0.23127822978253065,0.5002571159055903,-1.6313278637688573
2018-09-20,-0.4295290152095141,0.6175796202370851,-0.7949477335507874
2018-09-21,4.269797664071948,3.1421317830685975,0.4137198227251626
2018-09-22,0.2818266194164659,1.9685890491101758,0.8063223000554446
2018-09-23,0.30311856171351503,1.2338309123403288,1.2660301195707768
2018-09-24,1.343027028451476,0.3746235480413312,-0.021635995988033195
2018-09-25,5.281045960070099,-0.7390281209609972,-0.9736413089238671
2018-09-26,-1.1207732801564263,4.311035723746614,0.6379079261180532
2018-09-27,0.37990448672690036,2.7337510111293066,1.6738849686410147
2018-09-28,0.37947818869766714,1.3008217562359066,1.240668364777551
2018-09-29,0.3902052826824821,1.2111694040524954,0.6843208130557898
2018-09-30,0.41605308236762767,3.0875948184777773,0.8682820840169673
2018-10-01,0.45997278630165594,4.141152168425192,1.802617558666663
2018-10-02,4.372618321558855,3.3444143767406636,3.160769122864711
2018-10-03,0.5312425256858035,2.112188040712623,2.8280631977339707
